id,symbol,name,category,energy,description,baseline_registered,candidate_source_reference,family,registered_kind,handler,status,remaining_reason,qualification_note
13265,obj.abyssal_dagger,Abyssal dagger,StabSword,250,"Abyssal Puncture: Deal an attack that hits twice with 25% increased accuracy, but inflicts 15% less damage per hit. The second hit is guaranteed if the first deals damage.",False,True,Abyssal Puncture,Melee,org.rsmod.content.other.special.attacks.melee.MeleeWeaponSpecialAttacks$WeaponAttack,registered; gameplay qualification separate,,Registration does not establish full encounter/PvP parity.
27861,obj.bh_abyssal_dagger_imbue,Abyssal dagger (bh),StabSword,350,"Abyssal Puncture: Deal an attack that hits twice with 25% increased accuracy, but inflicts 5% less damage per hit. The second hit is guaranteed if the first deals damage.",False,True,Abyssal Puncture,Melee,org.rsmod.content.other.special.attacks.melee.MeleeWeaponSpecialAttacks$WeaponAttack,registered; gameplay qualification separate,,Registration does not establish full encounter/PvP parity. Bounty Hunter-only item restrictions are not fully implemented.
27863,obj.bh_abyssal_dagger_p_imbue,Abyssal dagger (bh)(p),StabSword,350,"Abyssal Puncture: Deal an attack that hits twice with 25% increased accuracy, but inflicts 5% less damage per hit. The second hit is guaranteed if the first deals damage.",False,True,Abyssal Puncture,Melee,org.rsmod.content.other.special.attacks.melee.MeleeWeaponSpecialAttacks$WeaponAttack,registered; gameplay qualification separate,,Registration does not establish full encounter/PvP parity. Bounty Hunter-only item restrictions are not fully implemented.
27865,obj.bh_abyssal_dagger_p+_imbue,Abyssal dagger (bh)(p+),StabSword,350,"Abyssal Puncture: Deal an attack that hits twice with 25% increased accuracy, but inflicts 5% less damage per hit. The second hit is guaranteed if the first deals damage.",False,True,Abyssal Puncture,Melee,org.rsmod.content.other.special.attacks.melee.MeleeWeaponSpecialAttacks$WeaponAttack,registered; gameplay qualification separate,,Registration does not establish full encounter/PvP parity. Bounty Hunter-only item restrictions are not fully implemented.
27867,obj.bh_abyssal_dagger_p++_imbue,Abyssal dagger (bh)(p++),StabSword,350,"Abyssal Puncture: Deal an attack that hits twice with 25% increased accuracy, but inflicts 5% less damage per hit. The second hit is guaranteed if the first deals damage.",False,True,Abyssal Puncture,Melee,org.rsmod.content.other.special.attacks.melee.MeleeWeaponSpecialAttacks$WeaponAttack,registered; gameplay qualification separate,,Registration does not establish full encounter/PvP parity. Bounty Hunter-only item restrictions are not fully implemented.
13267,obj.abyssal_dagger_p,Abyssal dagger (p),StabSword,250,"Abyssal Puncture: Deal an attack that hits twice with 25% increased accuracy, but inflicts 15% less damage per hit. The second hit is guaranteed if the first deals damage.",False,True,Abyssal Puncture,Melee,org.rsmod.content.other.special.attacks.melee.MeleeWeaponSpecialAttacks$WeaponAttack,registered; gameplay qualification separate,,Registration does not establish full encounter/PvP parity.
13269,obj.abyssal_dagger_p+,Abyssal dagger (p+),StabSword,250,"Abyssal Puncture: Deal an attack that hits twice with 25% increased accuracy, but inflicts 15% less damage per hit. The second hit is guaranteed if the first deals damage.",False,True,Abyssal Puncture,Melee,org.rsmod.content.other.special.attacks.melee.MeleeWeaponSpecialAttacks$WeaponAttack,registered; gameplay qualification separate,,Registration does not establish full encounter/PvP parity.
13271,obj.abyssal_dagger_p++,Abyssal dagger (p++),StabSword,250,"Abyssal Puncture: Deal an attack that hits twice with 25% increased accuracy, but inflicts 15% less damage per hit. The second hit is guaranteed if the first deals damage.",False,True,Abyssal Puncture,Melee,org.rsmod.content.other.special.attacks.melee.MeleeWeaponSpecialAttacks$WeaponAttack,registered; gameplay qualification separate,,Registration does not establish full encounter/PvP parity.
21902,obj.xbows_crossbow_dragon,Dragon crossbow,Crossbow,600,"Annihilate: Hit your target with 20% extra damage and in multicombat zones, hit all adjacent targets by 20% less damage.",False,False,Annihilate,missing,,missing handler,Annihilate area damage/range targeting and paired special effects absent. BR variant is additionally category Unarmed in this cache.,
33460,obj.br_xbows_crossbow_dragon,Dragon crossbow,Unarmed,600,"Annihilate: Hit your target with 20% extra damage and in multicombat zones, hit all adjacent targets by 20% less damage.",False,False,Annihilate,missing,,missing handler,Annihilate area damage/range targeting and paired special effects absent. BR variant is additionally category Unarmed in this cache.,
28053,obj.bh_xbows_crossbow_dragon_corrupted,Dragon crossbow (cr),Crossbow,600,"Annihilate: Hit your target with 20% extra damage and in multicombat zones, hit all adjacent targets by 20% less damage.",False,False,Annihilate,missing,,missing handler,Annihilate area damage/range targeting and paired special effects absent. BR variant is additionally category Unarmed in this cache.,
11785,obj.acb,Armadyl crossbow,Crossbow,500,"Armadyl Eye: Deal an attack with double accuracy, also doubles the base activation chance of enchanted bolt effects.",False,False,Armadyl Eye,missing,,missing handler,Special not registered. Enchanted-bolt proc selection and Zaryte guaranteed proc/boost mechanics are absent from generic attacks; increased accuracy alone would be incomplete.,
23611,obj.br_acb,Armadyl crossbow,Crossbow,500,"Armadyl Eye: Deal an attack with double accuracy, also doubles the base activation chance of enchanted bolt effects.",False,False,Armadyl Eye,missing,,missing handler,Special not registered. Enchanted-bolt proc selection and Zaryte guaranteed proc/boost mechanics are absent from generic attacks; increased accuracy alone would be incomplete.,
8872,obj.dttd_bone_dagger,Bone dagger,StabSword,750,Backstab: Deal an attack with greatly increased accuracy on unsuspecting targets and that lowers your target's Defence level by the damage dealt.,False,False,Backstab,missing,,missing handler,Bone dagger first-attack accuracy override and defence-drain semantics have no handler.,
8874,obj.dttd_bone_dagger_p,Bone dagger (p),StabSword,750,Backstab: Deal an attack with greatly increased accuracy on unsuspecting targets and that lowers your target's Defence level by the damage dealt.,False,False,Backstab,missing,,missing handler,Bone dagger first-attack accuracy override and defence-drain semantics have no handler.,
8876,obj.dttd_bone_dagger_p+,Bone dagger (p+),StabSword,750,Backstab: Deal an attack with greatly increased accuracy on unsuspecting targets and that lowers your target's Defence level by the damage dealt.,False,False,Backstab,missing,,missing handler,Bone dagger first-attack accuracy override and defence-drain semantics have no handler.,
8878,obj.dttd_bone_dagger_p++,Bone dagger (p++),StabSword,750,Backstab: Deal an attack with greatly increased accuracy on unsuspecting targets and that lowers your target's Defence level by the damage dealt.,False,False,Backstab,missing,,missing handler,Bone dagger first-attack accuracy override and defence-drain semantics have no handler.,
27660,obj.wild_cave_ursine_charged,Ursine chainmace,Spiked,500,"Bear Down: Perform an attack with double accuracy, dealing additional damage over time, draining your target's agility level and preventing them from running.",False,False,Bear Down,missing,,missing handler,"Ursine chainmace requires its charged weapon lifecycle, timed damage, agility drain and run suppression.",
28338,obj.soulreaper,Soulreaper axe,Axe,1,"Behead: Consume all Soul Stacks, attacking with increased damage and accuracy per stack.",False,False,Behead,missing,,missing handler,"Soulreaper stack accumulation, HP accounting, stack consumption and special scaling are not implemented together.",
33335,obj.soulreaper_axe_orn,Soulreaper axe (o),Unarmed,1,"Behead: Consume all Soul Stacks, attacking with increased damage and accuracy per stack.",False,False,Behead,missing,,missing handler,"Soulreaper stack accumulation, HP accounting, stack consumption and special scaling are not implemented together.",
12006,obj.abyssal_tentacle,Abyssal tentacle,Whip,500,Binding Tentacle: Bind your target for 5 seconds and increase the chance of them being poisoned.,False,False,Binding Tentacle,missing,,missing handler,"Tentacle requires bind and poison effects, including exact miss behaviour and charge lifecycle.",
26484,obj.league_3_whip_tentacle,Abyssal tentacle (or),Whip,500,Binding Tentacle: Bind your target for 5 seconds and increase the chance of them being poisoned.,False,False,Binding Tentacle,missing,,missing handler,"Tentacle requires bind and poison effects, including exact miss behaviour and charge lifecycle.",
26233,obj.ancient_godsword,Ancient godsword,TwoHandedSword,500,"Blood Sacrifice: Deal an attack that inflicts 10% more damage with double accuracy and marks your target for a blood sacrifice. Targets marked for a blood sacrifice will be hit for 25 damage after a short delay, unless they move away. If they are hit, you'll also be healed for the damage dealt. (Heal is capped at 15 in PvP)",False,False,Blood Sacrifice,missing,,missing handler,"Ancient godsword requires a delayed, movement-cancellable mark with separate PvP healing cap.",
27184,obj.br_ancient_godsword,Ancient godsword,TwoHandedSword,500,"Blood Sacrifice: Deal an attack that inflicts 10% more damage with double accuracy and marks your target for a blood sacrifice. Targets marked for a blood sacrifice will be hit for 25 damage after a short delay, unless they move away. If they are hit, you'll also be healed for the damage dealt. (Heal is capped at 15 in PvP)",False,False,Blood Sacrifice,missing,,missing handler,"Ancient godsword requires a delayed, movement-cancellable mark with separate PvP healing cap.",
28997,obj.dual_macuahuitl,Dual macuahuitl,Spiked,250,"Blood infusion: Sacrifice 25% of your current hp to deal an attack with 25% increased accuracy and damage, with a guaranteed set effect activation on hit. This special attack requires the full Bloodrager set to be worn.",False,False,Blood infusion,missing,,missing handler,Dual macuahuitl requires full Bloodrager set validation and guaranteed set proc plus HP sacrifice.,
29850,obj.br_dual_macuahuitl,Dual macuahuitl,Spiked,250,"Blood infusion: Sacrifice 25% of your current hp to deal an attack with 25% increased accuracy and damage, with a guaranteed set effect activation on hit. This special attack requires the full Bloodrager set to be worn.",False,False,Blood infusion,missing,,missing handler,Dual macuahuitl requires full Bloodrager set validation and guaranteed set proc plus HP sacrifice.,
33243,obj.infernal_tecpatl,Infernal tecpatl,Unarmed,500,Brand: Unleash 4 melee hits in quick succession with 25% increased max hit and accuracy.,False,False,Brand,missing,,missing handler,Infernal tecpatl is decoded Unarmed; dedicated four-hit special and new-item metadata require qualification.,
28988,obj.frostmoon_spear,Blue Moon spear,BladedStaff,500,Break Shackles: Attack with increased accuracy and damage based on the duration of any binding spells affecting them and ending said effect. This special attack requires the full Blue Moon set to be worn.,False,False,Break Shackles,missing,,missing handler,"Blue moon requires full-set validation, reading and clearing a current bind, and scaling from its remaining duration.",
29849,obj.br_frostmoon_spear,Blue Moon spear,BladedStaff,500,Break Shackles: Attack with increased accuracy and damage based on the duration of any binding spells affecting them and ending said effect. This special attack requires the full Blue Moon set to be worn.,False,False,Break Shackles,missing,,missing handler,"Blue moon requires full-set validation, reading and clearing a current bind, and scaling from its remaining duration.",
33631,obj.crimson_kisten,Crimson kisten,Unarmed,500,"Brutal Swing: Rolls accuracy 4 times. If any hit, the attacks deals 70-110% of your maximum hit. Each additional successful hit increases both the minimum and maximum hit by 20%",False,False,Brutal Swing,missing,,missing handler,Crimson kisten is decoded Unarmed; four-roll success-dependent damage distribution is not implemented.,
29577,obj.bone_claws,Burning claws,Claw,350,"Burning barrage: Attacks 3 times in quick succession, with a chance to burn the enemy on each hit.",False,False,Burning barrage,missing,,missing handler,Burning/bone claws require exact three-roll damage distribution plus stackable timed burn effects.,
33200,obj.br_bone_claws,Burning claws,Unarmed,350,"Burning barrage: Attacks 3 times in quick succession, with a chance to burn the enemy on each hit.",False,False,Burning barrage,missing,,missing handler,Burning/bone claws require exact three-roll damage distribution plus stackable timed burn effects.,
27810,obj.osb10_dragon_candle,Dragon candle dagger,Blunt,250,Celebrate: Perform an attack to leave the area feeling more festive.,False,False,Celebrate,missing,,missing handler,Dragon candle cosmetic special is not implemented.,
805,obj.rune_thrownaxe,Rune thrownaxe,Thrown,100,"Chainhit: Throw an axe which hits your target and then chains to hit further nearby targets, costing 10% additional special attack per extra target.",False,False,Chainhit,missing,,missing handler,"Chainhit secondary target selection, per-extra-target energy and projectile chains not implemented.",
1305,obj.dragon_longsword,Dragon longsword,SlashSword,250,Cleave: Deal a powerful attack that inflicts 25% more damage.,True,True,Cleave,Melee,org.rsmod.content.other.special.attacks.melee.DragonLongswordSpecialAttack$DragonLongsword,registered; gameplay qualification separate,,Registration does not establish full encounter/PvP parity.
27859,obj.bh_dragon_longsword_imbue,Dragon longsword (bh),SlashSword,150,Cleave: Deal a powerful attack that inflicts 25% more damage with 25% increased accuracy and increased speed.,False,True,Cleave,Melee,org.rsmod.content.other.special.attacks.melee.DragonLongswordSpecialAttack$DragonLongsword,registered; gameplay qualification separate,,Registration does not establish full encounter/PvP parity. Bounty Hunter-only item restrictions are not fully implemented.
28033,obj.bh_dragon_longsword_corrupted,Dragon longsword (cr),SlashSword,250,Cleave: Deal a powerful attack that inflicts 25% more damage.,False,True,Cleave,Melee,org.rsmod.content.other.special.attacks.melee.DragonLongswordSpecialAttack$DragonLongsword,registered; gameplay qualification separate,,Registration does not establish full encounter/PvP parity. Bounty Hunter-only item restrictions are not fully implemented.
19481,obj.heavy_ballista,Heavy ballista,Crossbow,650,"Concentrated Shot: Deal an attack with 25% increased accuracy and damage, but takes an additional 2.4 seconds to fire.",False,True,Concentrated Shot,Ranged,org.rsmod.content.other.special.attacks.ranged.RangedWeaponSpecialAttacks$WeaponAttack,registered; gameplay qualification separate,,Registration does not establish full encounter/PvP parity.
23630,obj.br_heavy_ballista,Heavy ballista,Crossbow,650,"Concentrated Shot: Deal an attack with 25% increased accuracy and damage, but takes an additional 2.4 seconds to fire.",False,True,Concentrated Shot,Ranged,org.rsmod.content.other.special.attacks.ranged.RangedWeaponSpecialAttacks$WeaponAttack,registered; gameplay qualification separate,,Registration does not establish full encounter/PvP parity.
26712,obj.heavy_ballista_ornament,Heavy ballista (or),Crossbow,650,"Concentrated Shot: Deal an attack with 25% increased accuracy and damage, but takes an additional 2.4 seconds to fire.",False,True,Concentrated Shot,Ranged,org.rsmod.content.other.special.attacks.ranged.RangedWeaponSpecialAttacks$WeaponAttack,registered; gameplay qualification separate,,Registration does not establish full encounter/PvP parity.
19478,obj.light_ballista,Light ballista,Crossbow,650,"Concentrated Shot: Deal an attack with 25% increased accuracy and damage, but takes an additional 2.4 seconds to fire.",False,True,Concentrated Shot,Ranged,org.rsmod.content.other.special.attacks.ranged.RangedWeaponSpecialAttacks$WeaponAttack,registered; gameplay qualification separate,,Registration does not establish full encounter/PvP parity.
27188,obj.br_light_ballista,Light ballista,Crossbow,650,"Concentrated Shot: Deal an attack with 25% increased accuracy and damage, but takes an additional 2.4 seconds to fire.",False,True,Concentrated Shot,Ranged,org.rsmod.content.other.special.attacks.ranged.RangedWeaponSpecialAttacks$WeaponAttack,registered; gameplay qualification separate,,Registration does not establish full encounter/PvP parity.
27665,obj.wild_cave_accursed_charged,Accursed sceptre,PoweredStaff,500,"Condemn: Fire a powerful spell with increased accuracy and damage, lowering your target's magic and defence levels by up to 15%.",False,False,Condemn,missing,,missing handler,"Missing ether charge lifecycle, ordinary powered-staff WeaponMap and special defence/magic reduction. Recoloured (a) variant uses spell/melee category and also requires explicit special dispatch.",
27679,obj.wild_cave_accursed_charged_recol,Accursed sceptre (a),Staff,500,"Condemn: Fire a powerful spell with increased accuracy and damage, lowering your target's magic and defence levels by up to 15%.",False,False,Condemn,missing,,missing handler,"Missing ether charge lifecycle, ordinary powered-staff WeaponMap and special defence/magic reduction. Recoloured (a) variant uses spell/melee category and also requires explicit special dispatch.",
30340,obj.echo_gauntlet_crystal_dagger_t3,Crystal dagger (perfected),StabSword,250,Crystalline Severance: Launch a powerful attack the pierces the Crystalline Hunllef's prayers and disables them briefly.,False,False,Crystalline Severance,missing,,missing handler,Echo Gauntlet special depends on the Leagues encounter and boss prayer-disable mechanics.,
29599,obj.deadman_blighted_dark_bow,Corrupted dark bow,Bow,550,Descent of Darkness: Deal a double attack that inflicts up to 30% more damage (minimum damage of 5 per hit).,False,False,Descent of Darkness,missing,,missing handler,Dark bow family aliases are not registered by existing special or ordinary double-shot WeaponMap. Variant semantics need qualification before aliasing.,
11235,obj.darkbow,Dark bow,Bow,550,Descent of Darkness: Deal a double attack that inflicts up to 30% more damage (minimum damage of 5 per hit).,True,True,Descent of Darkness,Ranged,org.rsmod.content.other.special.attacks.ranged.DarkBowSpecialAttack$DarkBow,registered; gameplay qualification separate,,Registration does not establish full encounter/PvP parity.
12765,obj.darkbow_green,Dark bow,Bow,550,Descent of Darkness: Deal a double attack that inflicts up to 30% more damage (minimum damage of 5 per hit).,True,True,Descent of Darkness,Ranged,org.rsmod.content.other.special.attacks.ranged.DarkBowSpecialAttack$DarkBow,registered; gameplay qualification separate,,Registration does not establish full encounter/PvP parity.
12766,obj.darkbow_blue,Dark bow,Bow,550,Descent of Darkness: Deal a double attack that inflicts up to 30% more damage (minimum damage of 5 per hit).,True,True,Descent of Darkness,Ranged,org.rsmod.content.other.special.attacks.ranged.DarkBowSpecialAttack$DarkBow,registered; gameplay qualification separate,,Registration does not establish full encounter/PvP parity.
12767,obj.darkbow_yellow,Dark bow,Bow,550,Descent of Darkness: Deal a double attack that inflicts up to 30% more damage (minimum damage of 5 per hit).,True,True,Descent of Darkness,Ranged,org.rsmod.content.other.special.attacks.ranged.DarkBowSpecialAttack$DarkBow,registered; gameplay qualification separate,,Registration does not establish full encounter/PvP parity.
12768,obj.darkbow_white,Dark bow,Bow,550,Descent of Darkness: Deal a double attack that inflicts up to 30% more damage (minimum damage of 5 per hit).,True,True,Descent of Darkness,Ranged,org.rsmod.content.other.special.attacks.ranged.DarkBowSpecialAttack$DarkBow,registered; gameplay qualification separate,,Registration does not establish full encounter/PvP parity.
20408,obj.br_darkbow,Dark bow,Bow,550,Descent of Darkness: Deal a double attack that inflicts up to 30% more damage (minimum damage of 5 per hit).,False,False,Descent of Darkness,missing,,missing handler,Dark bow family aliases are not registered by existing special or ordinary double-shot WeaponMap. Variant semantics need qualification before aliasing.,
29611,obj.deadman_darkbow,Dark bow (Deadman),Bow,550,Descent of Darkness: Deal a double attack that inflicts up to 30% more damage (minimum damage of 5 per hit).,False,False,Descent of Darkness,missing,,missing handler,Dark bow family aliases are not registered by existing special or ordinary double-shot WeaponMap. Variant semantics need qualification before aliasing.,
27853,obj.bh_darkbow_imbue,Dark bow (bh),Bow,550,Descent of Darkness: Deal a double attack that inflicts up to 30% more damage (minimum damage of 7 per hit).,True,True,Descent of Darkness,Ranged,org.rsmod.content.other.special.attacks.ranged.DarkBowSpecialAttack$DarkBow,registered; gameplay qualification separate,,Registration does not establish full encounter/PvP parity. Bounty Hunter-only item restrictions are not fully implemented.
28531,obj.deadman_blighted_voidwaker,Corrupted voidwaker,SlashSword,500,Disrupt: Summon a powerful bolt of lightning that deals guaranteed magic damage based on your max hit.,False,True,Disrupt,Melee,org.rsmod.content.other.special.attacks.melee.VoidwakerSpecialAttack$Disrupt,registered; gameplay qualification separate,,Registration does not establish full encounter/PvP parity.
27690,obj.voidwaker,Voidwaker,SlashSword,500,Disrupt: Summon a powerful bolt of lightning that deals guaranteed magic damage based on your max hit.,False,True,Disrupt,Melee,org.rsmod.content.other.special.attacks.melee.VoidwakerSpecialAttack$Disrupt,registered; gameplay qualification separate,,Registration does not establish full encounter/PvP parity.
27869,obj.br_voidwaker,Voidwaker,SlashSword,500,Disrupt: Summon a powerful bolt of lightning that deals guaranteed magic damage based on your max hit.,False,True,Disrupt,Melee,org.rsmod.content.other.special.attacks.melee.VoidwakerSpecialAttack$Disrupt,registered; gameplay qualification separate,,Registration does not establish full encounter/PvP parity.
29607,obj.deadman_voidwaker,Voidwaker (Deadman),SlashSword,500,Disrupt: Summon a powerful bolt of lightning that deals guaranteed magic damage based on your max hit.,False,True,Disrupt,Melee,org.rsmod.content.other.special.attacks.melee.VoidwakerSpecialAttack$Disrupt,registered; gameplay qualification separate,,Registration does not establish full encounter/PvP parity.
28922,obj.tonalztics_of_ralos_charged,Tonalztics of Ralos,Thrown,500,Division: Fire a powerful piercing blade that reduces the target's Defence by 12.5% of their Magic Level.,False,False,Division,missing,,missing handler,"Charged/un-charged ordinary attack, charge lifecycle, dual accuracy rolls and target magic-based defence reduction absent.",
28919,obj.tonalztics_of_ralos_uncharged,Tonalztics of Ralos (uncharged),Thrown,500,Division: Fire a powerful piercing blade that reduces the target's Defence by 12.5% of their Magic Level.,False,False,Division,missing,,missing handler,"Charged/un-charged ordinary attack, charge lifecycle, dual accuracy rolls and target magic-based defence reduction absent.",
22804,obj.dragon_knife,Dragon knife,Thrown,250,Duality: Throws two knives at your opponent.,False,True,Duality,Ranged,org.rsmod.content.other.special.attacks.ranged.RangedWeaponSpecialAttacks$WeaponAttack,registered; gameplay qualification separate,,Registration does not establish full encounter/PvP parity.
27157,obj.br_dragon_knife,Dragon knife,Thrown,250,Duality: Throws two knives at your opponent.,False,True,Duality,Ranged,org.rsmod.content.other.special.attacks.ranged.RangedWeaponSpecialAttacks$WeaponAttack,registered; gameplay qualification separate,,Registration does not establish full encounter/PvP parity.
22806,obj.dragon_knife_p,Dragon knife(p),Thrown,250,Duality: Throws two knives at your opponent.,False,True,Duality,Ranged,org.rsmod.content.other.special.attacks.ranged.RangedWeaponSpecialAttacks$WeaponAttack,registered; gameplay qualification separate,,Registration does not establish full encounter/PvP parity.
22808,obj.dragon_knife_p+,Dragon knife(p+),Thrown,250,Duality: Throws two knives at your opponent.,False,True,Duality,Ranged,org.rsmod.content.other.special.attacks.ranged.RangedWeaponSpecialAttacks$WeaponAttack,registered; gameplay qualification separate,,Registration does not establish full encounter/PvP parity.
22810,obj.dragon_knife_p++,Dragon knife(p++),Thrown,250,Duality: Throws two knives at your opponent.,False,True,Duality,Ranged,org.rsmod.content.other.special.attacks.ranged.RangedWeaponSpecialAttacks$WeaponAttack,registered; gameplay qualification separate,,Registration does not establish full encounter/PvP parity.
30367,obj.echo_godsword,The dogsword,TwoHandedSword,500,Echo slash: Launch an attack that applies each of the other godswords' effects.,False,False,Echo slash,missing,,missing handler,"Leagues godsword combines several effects, including the unimplemented Ancient godsword mark.",
29000,obj.eclipse_atlatl,Eclipse atlatl,Bow,500,"Eclipse: Attack with 50% increased accuracy, consuming all remaining burn damage affecting the target and raising the max hit by that amount. This special attack requires the full Eclipse set to be worn.",False,False,Eclipse,missing,,missing handler,Special depends on shared burn stacks plus strength-based ranged damage rules; complete consuming/restoring of burns is not implemented.,
29851,obj.br_eclipse_atlatl,Eclipse atlatl,Bow,500,"Eclipse: Attack with 50% increased accuracy, consuming all remaining burn damage affecting the target and raising the max hit by that amount. This special attack requires the full Eclipse set to be worn.",False,False,Eclipse,missing,,missing handler,Special depends on shared burn stacks plus strength-based ranged damage rules; complete consuming/restoring of burns is not implemented.,
4151,obj.abyssal_whip,Abyssal whip,Whip,500,Energy Drain: Deal an attack with 25% increased accuracy that siphons 10% of your target's run energy.,False,True,Energy Drain,Melee,org.rsmod.content.other.special.attacks.melee.MeleeWeaponSpecialAttacks$WeaponAttack,registered; gameplay qualification separate,,Registration does not establish full encounter/PvP parity.
20405,obj.br_abyssal_whip,Abyssal whip,Whip,500,Energy Drain: Deal an attack with 25% increased accuracy that siphons 10% of your target's run energy.,False,True,Energy Drain,Melee,org.rsmod.content.other.special.attacks.melee.MeleeWeaponSpecialAttacks$WeaponAttack,registered; gameplay qualification separate,,Registration does not establish full encounter/PvP parity.
26482,obj.league_3_whip,Abyssal whip (or),Whip,500,Energy Drain: Deal an attack with 25% increased accuracy that siphons 10% of your target's run energy.,False,True,Energy Drain,Melee,org.rsmod.content.other.special.attacks.melee.MeleeWeaponSpecialAttacks$WeaponAttack,registered; gameplay qualification separate,,Registration does not establish full encounter/PvP parity.
12774,obj.abyssal_whip_ice,Frozen abyssal whip,Whip,500,Energy Drain: Deal an attack with 25% increased accuracy that siphons 10% of your target's run energy.,False,True,Energy Drain,Melee,org.rsmod.content.other.special.attacks.melee.MeleeWeaponSpecialAttacks$WeaponAttack,registered; gameplay qualification separate,,Registration does not establish full encounter/PvP parity.
12773,obj.abyssal_whip_lava,Volcanic abyssal whip,Whip,500,Energy Drain: Deal an attack with 25% increased accuracy that siphons 10% of your target's run energy.,False,True,Energy Drain,Melee,org.rsmod.content.other.special.attacks.melee.MeleeWeaponSpecialAttacks$WeaponAttack,registered; gameplay qualification separate,,Registration does not establish full encounter/PvP parity.
30759,obj.soulflame_horn,Soulflame horn,Unarmed,250,Entice: Buffs yours and your allies next melee accuracy roll. Costs additional energy per ally affected.,False,False,Entice,missing,,missing handler,Soulflame horn is decoded Unarmed and requires per-ally energy accounting plus a next-attack accuracy buff.,
26219,obj.osmumtens_fang,Osmumten's fang,StabSword,250,Eviscerate: Perform an attack with your true maximum hit and a 50% accuracy bonus.,False,True,Eviscerate,Melee,org.rsmod.content.other.special.attacks.melee.MeleeWeaponSpecialAttacks$WeaponAttack,registered; gameplay qualification separate,,Registration does not establish full encounter/PvP parity.
33174,obj.br_osmumtens_fang,Osmumten's fang,Unarmed,250,Eviscerate: Perform an attack with your true maximum hit and a 50% accuracy bonus.,False,False,Eviscerate,missing,,missing handler,Normal/ornament Fang implemented; BR variant is decoded Unarmed and needs its normal-attack metadata/bonuses validated together.,
27246,obj.osmumtens_fang_ornament,Osmumten's fang (or),StabSword,250,Eviscerate: Perform an attack with your true maximum hit and a 50% accuracy bonus.,False,True,Eviscerate,Melee,org.rsmod.content.other.special.attacks.melee.MeleeWeaponSpecialAttacks$WeaponAttack,registered; gameplay qualification separate,,Registration does not establish full encounter/PvP parity.
26374,obj.zaryte_xbow,Zaryte crossbow,Crossbow,750,"Evoke: Perform an attack with double accuracy, with a guaranteed enchanted bolt activation rate on successful hit.",False,False,Evoke,missing,,missing handler,Special not registered. Enchanted-bolt proc selection and Zaryte guaranteed proc/boost mechanics are absent from generic attacks; increased accuracy alone would be incomplete.,
27186,obj.br_zaryte_xbow,Zaryte crossbow,Crossbow,750,"Evoke: Perform an attack with double accuracy, with a guaranteed enchanted bolt activation rate on successful hit.",False,False,Evoke,missing,,missing handler,Special not registered. Enchanted-bolt proc selection and Zaryte guaranteed proc/boost mechanics are absent from generic attacks; increased accuracy alone would be incomplete.,
33255,obj.lithic_sceptre_charged,Lithic sceptre,Unarmed,5,Explosive Shatter: Consume 5 shatter stacks to instantly deal 150% of your max hit as magic damage and up to 75% as typeless damage to 12 enemies within 3 tiles,False,False,Explosive Shatter,missing,,missing handler,Unarmed cache category and absent ordinary charged staff/special mechanism; latest-content metadata and charging require dedicated support.,
11061,obj.ancient_goblin_mace,Ancient mace,Spiked,1000,Favour of the War God: Deal an attack which hits through Protect from Melee and siphons Prayer points equal to the damage dealt.,False,False,Favour of the War God,missing,,missing handler,Ancient mace requires protection-prayer bypass and Prayer drain/overheal; existing public melee queue API cannot express that bypass.,
24617,obj.bh_vestas_longsword,Vesta's blighted longsword,SlashSword,250,Feint: Deal an attack which treats your target's defence as if it was reduced by 75%. It will deal a minimum of 20% extra damage.,False,False,Feint,missing,,missing handler,Vesta longsword requires a separate defence-roll multiplier and restricted PvP item behavior.,
22613,obj.vestas_longsword,Vesta's longsword,SlashSword,250,Feint: Deal an attack which treats your target's defence as if it was reduced by 75%. It will deal a minimum of 20% extra damage.,False,False,Feint,missing,,missing handler,Vesta longsword requires a separate defence-roll multiplier and restricted PvP item behavior.,
23615,obj.br_vestas_longsword,Vesta's longsword,SlashSword,250,Feint: Deal an attack which treats your target's defence as if it was reduced by 75%. It will deal a minimum of 20% extra damage.,False,False,Feint,missing,,missing handler,Vesta longsword requires a separate defence-roll multiplier and restricted PvP item behavior.,
27904,obj.vestas_longsword_bh,Vesta's longsword (bh),SlashSword,250,Feint: Deal an attack which treats your target's defence as if it was reduced by 75%. It will deal a minimum of 20% extra damage.,False,False,Feint,missing,,missing handler,Vesta longsword requires a separate defence-roll multiplier and restricted PvP item behavior.,
33249,obj.fang_of_the_hound,Fang of the hound,Unarmed,500,Ferocity: Unleash an instant attack on your target.,False,False,Ferocity,missing,,missing handler,Fang of the hound is decoded Unarmed; an immediate extra attack requires scheduling outside the normal next-attack loop.,
23762,obj.crystal_harpoon,Crystal harpoon,StabSword,1000,Fishstabber: Increase your Fishing level by 3.,True,True,Fishstabber,Instant,org.rsmod.content.other.special.attacks.boost.StatBoostSpecialAttacks$register$23,registered; gameplay qualification separate,,Registration does not establish full encounter/PvP parity.
23764,obj.crystal_harpoon_inactive,Crystal harpoon (inactive),StabSword,1000,Fishstabber: Increase your Fishing level by 3.,False,True,Fishstabber,Instant,org.rsmod.content.other.special.attacks.boost.StatBoostSpecialAttacks$register$24,registered; gameplay qualification separate,,Registration does not establish full encounter/PvP parity.
21028,obj.dragon_harpoon,Dragon harpoon,StabSword,1000,Fishstabber: Increase your Fishing level by 3.,True,True,Fishstabber,Instant,org.rsmod.content.other.special.attacks.boost.StatBoostSpecialAttacks$register$18,registered; gameplay qualification separate,,Registration does not establish full encounter/PvP parity.
25114,obj.league_trailblazer_harpoon,Echo harpoon,StabSword,1000,Fishstabber: Increase your Fishing level by 3.,False,True,Fishstabber,Instant,org.rsmod.content.other.special.attacks.boost.StatBoostSpecialAttacks$register$26,registered; gameplay qualification separate,,Registration does not establish full encounter/PvP parity.
21031,obj.infernal_harpoon,Infernal harpoon,StabSword,1000,Fishstabber: Increase your Fishing level by 3.,True,True,Fishstabber,Instant,org.rsmod.content.other.special.attacks.boost.StatBoostSpecialAttacks$register$20,registered; gameplay qualification separate,,Registration does not establish full encounter/PvP parity.
21033,obj.infernal_harpoon_empty,Infernal harpoon (uncharged),StabSword,1000,Fishstabber: Increase your Fishing level by 3.,False,True,Fishstabber,Instant,org.rsmod.content.other.special.attacks.boost.StatBoostSpecialAttacks$register$25,registered; gameplay qualification separate,,Registration does not establish full encounter/PvP parity.
30955,obj.arkan_blade,Arkan blade,Unarmed,300,"Flames of Ralos: Perform a devastating blow to your enemy with 50% increased accuracy and damage. If your attack successfully hits, the target will burn for 10 damage over 24 seconds.",False,False,Flames of Ralos,missing,,missing handler,Arkan blade is decoded Unarmed and requires timed burning damage.,
21742,obj.granite_hammer,Granite hammer,Blunt,600,Hammer Blow: Deal an attack with 50% more accuracy and a guaranteed +5 damage.,False,True,Hammer Blow,Melee,org.rsmod.content.other.special.attacks.melee.MeleeWeaponSpecialAttacks$WeaponAttack,registered; gameplay qualification separate,,Registration does not establish full encounter/PvP parity.
22634,obj.morrigans_thrownaxe,Morrigan's throwing axe,Thrown,250,"Hamstring: Deal a minimum of 20% extra damage and hamstring player targets, causing them to lose run energy 6x faster for 1 minute. A successful hit reduces your next attack delay by 1.",False,False,Hamstring,missing,,missing handler,Javelin damage-over-time and thrownaxe run-energy effects not implemented; relevant PvP/BH variant mechanics need separate validation.,
27912,obj.morrigans_thrownaxe_bh,Morrigan's throwing axe (bh),Thrown,500,"Hamstring: Deal a minimum of 50% extra damage with 150% accuracy and hamstring player targets, causing them to lose run energy 6x faster for 1 minute.",False,False,Hamstring,missing,,missing handler,Javelin damage-over-time and thrownaxe run-energy effects not implemented; relevant PvP/BH variant mechanics need separate validation.,
11806,obj.sgs,Saradomin godsword,TwoHandedSword,500,"Healing Blade: Deal an attack that inflicts 10% more damage with double accuracy, while restoring your Hitpoints and Prayer by 50% and 25% of the damage dealt respectively.",False,True,Healing Blade,Melee,org.rsmod.content.other.special.attacks.melee.MeleeWeaponSpecialAttacks$WeaponAttack,registered; gameplay qualification separate,,Registration does not establish full encounter/PvP parity.
20372,obj.sgsg,Saradomin godsword (or),TwoHandedSword,500,"Healing Blade: Deal an attack that inflicts 10% more damage with double accuracy, while restoring your Hitpoints and Prayer by 50% and 25% of the damage dealt respectively.",False,True,Healing Blade,Melee,org.rsmod.content.other.special.attacks.melee.MeleeWeaponSpecialAttacks$WeaponAttack,registered; gameplay qualification separate,,Registration does not establish full encounter/PvP parity.
11808,obj.zgs,Zamorak godsword,TwoHandedSword,500,Ice Cleave: Deal an attack that inflicts 10% more damage with double accuracy and freezes your target for 20 seconds if it successfully hits.,False,True,Ice Cleave,Melee,org.rsmod.content.other.special.attacks.melee.MeleeWeaponSpecialAttacks$WeaponAttack,registered; gameplay qualification separate,,Registration does not establish full encounter/PvP parity.
20374,obj.zgsg,Zamorak godsword (or),TwoHandedSword,500,Ice Cleave: Deal an attack that inflicts 10% more damage with double accuracy and freezes your target for 20 seconds if it successfully hits.,False,True,Ice Cleave,Melee,org.rsmod.content.other.special.attacks.melee.MeleeWeaponSpecialAttacks$WeaponAttack,registered; gameplay qualification separate,,Registration does not establish full encounter/PvP parity.
29602,obj.deadman_blighted_volatile_staff,Corrupted Volatile Nightmare staff,Staff,550,Immolate: Fire a powerful spell with 50% improved accuracy. Damage scales based upon magic level and can be increased with magic damage boosting equipment. Costs no runes to use.,False,True,Immolate,Magic,org.rsmod.content.other.special.attacks.magic.NightmareStaffSpecialAttacks$StaffAttack,registered; gameplay qualification separate,,Registration does not establish full encounter/PvP parity.
24424,obj.nightmare_staff_volatile,Volatile Nightmare staff,Staff,550,Immolate: Fire a powerful spell with 50% improved accuracy. Damage scales based upon magic level and can be increased with magic damage boosting equipment. Costs no runes to use.,False,True,Immolate,Magic,org.rsmod.content.other.special.attacks.magic.NightmareStaffSpecialAttacks$StaffAttack,registered; gameplay qualification separate,,Registration does not establish full encounter/PvP parity.
25517,obj.br_nightmare_staff_volatile,Volatile Nightmare staff,Staff,550,Immolate: Fire a powerful spell with 50% improved accuracy. Damage scales based upon magic level and can be increased with magic damage boosting equipment. Costs no runes to use.,False,True,Immolate,Magic,org.rsmod.content.other.special.attacks.magic.NightmareStaffSpecialAttacks$StaffAttack,registered; gameplay qualification separate,,Registration does not establish full encounter/PvP parity.
29609,obj.deadman_nightmare_staff_volatile,Volatile Nightmare staff (Deadman),Staff,550,Immolate: Fire a powerful spell with 50% improved accuracy. Damage scales based upon magic level and can be increased with magic damage boosting equipment. Costs no runes to use.,False,True,Immolate,Magic,org.rsmod.content.other.special.attacks.magic.NightmareStaffSpecialAttacks$StaffAttack,registered; gameplay qualification separate,,Registration does not establish full encounter/PvP parity.
3101,obj.rune_claws,Rune claws,Claw,250,"Impale: Deal an attack with 10% increased Attack and Strength, but with a slower speed.",False,False,Impale,missing,,missing handler,Rune claws require verified delay and attack/strength-level multipliers rather than an arbitrary max-hit multiplier.,
24425,obj.nightmare_staff_eldritch,Eldritch Nightmare staff,Staff,550,"Invocate: Fire a powerful spell that restores your prayer points by 50% of the damage dealt. Damage scales based upon magic level and can be increased with magic damage boosting equipment. Your prayer points can go above your level, to a maximum of 120. Costs no runes to use.",False,True,Invocate,Magic,org.rsmod.content.other.special.attacks.magic.NightmareStaffSpecialAttacks$StaffAttack,registered; gameplay qualification separate,,Registration does not establish full encounter/PvP parity.
33041,obj.deadman_thunder_khopesh,Thunder khopesh,Unarmed,600,"Lightning Strike: Against monsters, attacks twice. If either attack is successful an additional lightning bolt is summoned rolling up to 100% of the original attacks max hit. Against players, increases damage by 30% and summons a barrage of lightning. Each lightning bolt hits between 30% and 45% of your original damage.",False,False,Lightning Strike,missing,,missing handler,Deadman khopesh is decoded Unarmed and requires different PvP/PvM lightning hit distributions.,
30388,obj.thunder_khopesh,Thunder khopesh,SlashSword,500,"Lingering Lightning: Attack the target twice, if either attack hits spawn additional lightning wherever the npc was standing, dealing damage to targets around it.",False,False,Lingering Lightning,missing,,missing handler,Thunder khopesh requires a persistent location-based lightning attack after the initial pair of hits.,
11037,obj.olaf2_brine_sabre,Brine sabre,SlashSword,750,"Liquify: Deal an attack with double the chance of hitting that boosts your Strength, Attack and Defence levels by 25% of the damage dealt. Can only be used underwater.",False,False,Liquify,missing,,missing handler,Brine sabre requires underwater-only authorization and damage-derived stat boosts.,
20011,obj.3a_axe,3rd Age axe,Axe,1000,Lumber Up: Increase your Woodcutting level by 3.,True,True,Lumber Up,Instant,org.rsmod.content.other.special.attacks.boost.StatBoostSpecialAttacks$register$3,registered; gameplay qualification separate,,Registration does not establish full encounter/PvP parity.
28226,obj.3a_axe_2h,3rd Age felling axe,Axe,1000,Lumber Up: Increase your Woodcutting level by 3.,False,True,Lumber Up,Instant,org.rsmod.content.other.special.attacks.boost.StatBoostSpecialAttacks$register$14,registered; gameplay qualification separate,,Registration does not establish full encounter/PvP parity.
23673,obj.crystal_axe,Crystal axe,Axe,1000,Lumber Up: Increase your Woodcutting level by 3.,True,True,Lumber Up,Instant,org.rsmod.content.other.special.attacks.boost.StatBoostSpecialAttacks$register$6,registered; gameplay qualification separate,,Registration does not establish full encounter/PvP parity.
23675,obj.crystal_axe_inactive,Crystal axe (inactive),Axe,1000,Lumber Up: Increase your Woodcutting level by 3.,False,True,Lumber Up,Instant,org.rsmod.content.other.special.attacks.boost.StatBoostSpecialAttacks$register$7,registered; gameplay qualification separate,,Registration does not establish full encounter/PvP parity.
28220,obj.crystal_axe_2h,Crystal felling axe,Axe,1000,Lumber Up: Increase your Woodcutting level by 3.,False,True,Lumber Up,Instant,org.rsmod.content.other.special.attacks.boost.StatBoostSpecialAttacks$register$12,registered; gameplay qualification separate,,Registration does not establish full encounter/PvP parity.
28223,obj.crystal_axe_2h_inactive,Crystal felling axe (inactive),Axe,1000,Lumber Up: Increase your Woodcutting level by 3.,False,True,Lumber Up,Instant,org.rsmod.content.other.special.attacks.boost.StatBoostSpecialAttacks$register$13,registered; gameplay qualification separate,,Registration does not establish full encounter/PvP parity.
6739,obj.dragon_axe,Dragon axe,Axe,1000,Lumber Up: Increase your Woodcutting level by 3.,True,True,Lumber Up,Instant,org.rsmod.content.other.special.attacks.boost.StatBoostSpecialAttacks$register$1,registered; gameplay qualification separate,,Registration does not establish full encounter/PvP parity.
28217,obj.dragon_axe_2h,Dragon felling axe,Axe,1000,Lumber Up: Increase your Woodcutting level by 3.,False,True,Lumber Up,Instant,org.rsmod.content.other.special.attacks.boost.StatBoostSpecialAttacks$register$11,registered; gameplay qualification separate,,Registration does not establish full encounter/PvP parity.
25110,obj.league_trailblazer_axe,Echo axe,Axe,1000,Lumber Up: Increase your Woodcutting level by 3.,False,True,Lumber Up,Instant,org.rsmod.content.other.special.attacks.boost.StatBoostSpecialAttacks$register$10,registered; gameplay qualification separate,,Registration does not establish full encounter/PvP parity.
13241,obj.infernal_axe,Infernal axe,Axe,1000,Lumber Up: Increase your Woodcutting level by 3.,True,True,Lumber Up,Instant,org.rsmod.content.other.special.attacks.boost.StatBoostSpecialAttacks$register$4,registered; gameplay qualification separate,,Registration does not establish full encounter/PvP parity.
13242,obj.infernal_axe_empty,Infernal axe (uncharged),Axe,1000,Lumber Up: Increase your Woodcutting level by 3.,False,True,Lumber Up,Instant,org.rsmod.content.other.special.attacks.boost.StatBoostSpecialAttacks$register$8,registered; gameplay qualification separate,,Registration does not establish full encounter/PvP parity.
20849,obj.dragon_thrownaxe,Dragon thrownaxe,Thrown,250,Momentum Throw: Deal a fast attack with 25% improved accuracy.,False,False,Momentum Throw,missing,,missing handler,"Momentum Throw needs activation to guarantee the NEXT tick regardless of the previous attack delay, then normal 4/5-tick delay. Generic Combat special dispatch waits for current delay; setting following delay to one tick is not an equivalent implementation. BR variant also category Unarmed.",
21207,obj.br_dragon_thrownaxe,Dragon thrownaxe,Unarmed,250,Momentum Throw: Deal a fast attack with 25% improved accuracy.,False,False,Momentum Throw,missing,,missing handler,"Momentum Throw needs activation to guarantee the NEXT tick regardless of the previous attack delay, then normal 4/5-tick delay. Generic Combat special dispatch waits for current delay; setting following delay to one tick is not an equivalent implementation. BR variant also category Unarmed.",
13263,obj.abyssal_bludgeon,Abyssal bludgeon,Bludgeon,500,Penance: Deal an attack that inflicts 0.5% more damage per prayer point that you have used.,False,True,Penance,Melee,org.rsmod.content.other.special.attacks.melee.MeleeWeaponSpecialAttacks$WeaponAttack,registered; gameplay qualification separate,,Registration does not establish full encounter/PvP parity.
22636,obj.morrigans_javelin,Morrigan's javelin,Thrown,500,"Phantom Strike: This does nothing vs non-player targets. As well as dealing a regular attack, your target will suffer that damage again over time.",False,False,Phantom Strike,missing,,missing handler,Javelin damage-over-time and thrownaxe run-energy effects not implemented; relevant PvP/BH variant mechanics need separate validation.,
23619,obj.br_morrigans_javelin,Morrigan's javelin,Thrown,500,"Phantom Strike: This does nothing vs non-player targets. As well as dealing a regular attack, your target will suffer that damage again over time.",False,False,Phantom Strike,missing,,missing handler,Javelin damage-over-time and thrownaxe run-energy effects not implemented; relevant PvP/BH variant mechanics need separate validation.,
27916,obj.morrigans_javelin_bh,Morrigan's javelin (bh),Thrown,500,"Phantom Strike: This does nothing vs non-player targets. As well as dealing a regular attack with 150% accuracy, your target will suffer 75% damage again over time.",False,False,Phantom Strike,missing,,missing handler,Javelin damage-over-time and thrownaxe run-energy effects not implemented; relevant PvP/BH variant mechanics need separate validation.,
24144,obj.staff_of_balance,Staff of Balance,BladedStaff,1000,Power of Death: Reduce all melee damage you receive by 50% for the next minute while the staff remains equipped. Stacks with Protect from Melee.,False,False,Power of Death,missing,,missing handler,Staff of the dead/light/balance requires a timed melee-reduction buff that expires on unequip and stacks correctly with protection prayer; no generic hit substitute added.,
22296,obj.staff_of_light,Staff of Light,BladedStaff,1000,Power of Death: Reduce all melee damage you receive by 50% for the next minute while the staff remains equipped. Stacks with Protect from Melee.,False,False,Power of Death,missing,,missing handler,Staff of the dead/light/balance requires a timed melee-reduction buff that expires on unequip and stacks correctly with protection prayer; no generic hit substitute added.,
11791,obj.sotd,Staff of the Dead,BladedStaff,1000,Power of Death: Reduce all melee damage you receive by 50% for the next minute while the staff remains equipped. Stacks with Protect from Melee.,False,False,Power of Death,missing,,missing handler,Staff of the dead/light/balance requires a timed melee-reduction buff that expires on unequip and stacks correctly with protection prayer; no generic hit substitute added.,
23613,obj.br_sotd,Staff of the Dead,BladedStaff,1000,Power of Death: Reduce all melee damage you receive by 50% for the next minute while the staff remains equipped. Stacks with Protect from Melee.,False,False,Power of Death,missing,,missing handler,Staff of the dead/light/balance requires a timed melee-reduction buff that expires on unequip and stacks correctly with protection prayer; no generic hit substitute added.,
12904,obj.toxic_sotd_charged,Toxic Staff of the Dead,BladedStaff,1000,Power of Death: Reduce all melee damage you receive by 50% for the next minute while the staff remains equipped. Stacks with Protect from Melee.,False,False,Power of Death,missing,,missing handler,Staff of the dead/light/balance requires a timed melee-reduction buff that expires on unequip and stacks correctly with protection prayer; no generic hit substitute added.,
33036,obj.toxic_sotd_charged_deadman,Toxic staff (Deadman),Unarmed,1000,Power of Death: Reduce all melee damage you receive by 50% for the next minute while the staff remains equipped. Stacks with Protect from Melee.,False,False,Power of Death,missing,,missing handler,Staff of the dead/light/balance requires a timed melee-reduction buff that expires on unequip and stacks correctly with protection prayer; no generic hit substitute added.,
12902,obj.toxic_sotd,Toxic staff (uncharged),BladedStaff,1000,Power of Death: Reduce all melee damage you receive by 50% for the next minute while the staff remains equipped. Stacks with Protect from Melee.,False,False,Power of Death,missing,,missing handler,Staff of the dead/light/balance requires a timed melee-reduction buff that expires on unequip and stacks correctly with protection prayer; no generic hit substitute added.,
33035,obj.toxic_sotd_deadman,Toxic staff (uncharged),Unarmed,1000,Power of Death: Reduce all melee damage you receive by 50% for the next minute while the staff remains equipped. Stacks with Protect from Melee.,False,False,Power of Death,missing,,missing handler,Staff of the dead/light/balance requires a timed melee-reduction buff that expires on unequip and stacks correctly with protection prayer; no generic hit substitute added.,
33038,obj.deadman_dogsword,The dogsword,Unarmed,600,"Power of the Gods: Launch an attack that applies each of the other godswords' effects. The ancient godsword blood sacrifice effects are reduced against players to 15 damage, 10 heal.",False,False,Power of the Gods,missing,,missing handler,Deadman dogsword combines all godsword effects with special PvP sacrifice caps; decoded Unarmed.,
10284,obj.trail_composite_bow_magic,Magic comp bow,Bow,350,Powershot: Deal an attack that is guaranteed to hit your target.,False,True,Powershot,Ranged,org.rsmod.content.other.special.attacks.ranged.RangedWeaponSpecialAttacks$WeaponAttack,registered; gameplay qualification separate,,Registration does not establish full encounter/PvP parity.
859,obj.magic_longbow,Magic longbow,Bow,350,Powershot: Deal an attack that is guaranteed to hit your target.,False,True,Powershot,Ranged,org.rsmod.content.other.special.attacks.ranged.RangedWeaponSpecialAttacks$WeaponAttack,registered; gameplay qualification separate,,Registration does not establish full encounter/PvP parity.
7158,obj.dragon_2h_sword,Dragon 2h sword,TwoHandedSword,600,Powerstab: Hit up to fourteen enemies surrounding you.,False,True,Powerstab,Melee,org.rsmod.content.other.special.attacks.melee.DragonTwoHandedSpecialAttack$Powerstab,registered; gameplay qualification separate,,Registration does not establish full encounter/PvP parity. Secondary AoE hits NPCs only; positive PvP-bystander eligibility is not available.
20559,obj.br_dragon_2h,Dragon 2h sword,Unarmed,600,Powerstab: Hit up to fourteen enemies surrounding you.,False,False,Powerstab,missing,,missing handler,Normal/corrupted dragon2h implemented; BR variant is decoded Unarmed and needs its normal-attack metadata/bonuses validated together.,
28051,obj.bh_dragon_2h_sword_corrupted,Dragon 2h sword (cr),TwoHandedSword,600,Powerstab: Hit up to fourteen enemies surrounding you.,False,True,Powerstab,Melee,org.rsmod.content.other.special.attacks.melee.DragonTwoHandedSpecialAttack$Powerstab,registered; gameplay qualification separate,,Registration does not establish full encounter/PvP parity. Bounty Hunter-only item restrictions are not fully implemented. Secondary AoE hits NPCs only; positive PvP-bystander eligibility is not available.
22516,obj.verzik_special_weapon,Dawnbringer,PoweredStaff,350,Pulsate: Fire an incredibly powerful burst of energy.,False,False,Pulsate,missing,,missing handler,Dawnbringer encounter-specific ordinary/special damage and raid phase gates absent.,
21003,obj.elder_maul,Elder maul,Blunt,500,Pulverize: A crushing blow with 25% bonus accuracy that will reduce your target's defence by 35%.,False,True,Pulverize,Melee,org.rsmod.content.other.special.attacks.melee.MeleeWeaponSpecialAttacks$WeaponAttack,registered; gameplay qualification separate,,Registration does not establish full encounter/PvP parity.
21205,obj.br_elder_maul,Elder maul,Blunt,500,Pulverize: A crushing blow with 25% bonus accuracy that will reduce your target's defence by 35%.,False,True,Pulverize,Melee,org.rsmod.content.other.special.attacks.melee.MeleeWeaponSpecialAttacks$WeaponAttack,registered; gameplay qualification separate,,Registration does not establish full encounter/PvP parity.
27100,obj.elder_maul_ornament,Elder maul (or),Blunt,500,Pulverize: A crushing blow with 25% bonus accuracy that will reduce your target's defence by 35%.,False,True,Pulverize,Melee,org.rsmod.content.other.special.attacks.melee.MeleeWeaponSpecialAttacks$WeaponAttack,registered; gameplay qualification separate,,Registration does not establish full encounter/PvP parity.
1215,obj.dragon_dagger,Dragon dagger,StabSword,250,Puncture: Deal two quick slashes with 15% increased accuracy and 15% increased damage.,False,True,Puncture,Melee,org.rsmod.content.other.special.attacks.melee.MeleeWeaponSpecialAttacks$WeaponAttack,registered; gameplay qualification separate,,Registration does not establish full encounter/PvP parity.
20407,obj.br_dragon_dagger,Dragon dagger,StabSword,250,Puncture: Deal two quick slashes with 15% increased accuracy and 15% increased damage.,False,True,Puncture,Melee,org.rsmod.content.other.special.attacks.melee.MeleeWeaponSpecialAttacks$WeaponAttack,registered; gameplay qualification separate,,Registration does not establish full encounter/PvP parity.
28019,obj.bh_dragon_dagger_corrupted,Dragon dagger (cr),StabSword,250,Puncture: Deal two quick slashes with 15% increased accuracy and 15% increased damage.,False,True,Puncture,Melee,org.rsmod.content.other.special.attacks.melee.MeleeWeaponSpecialAttacks$WeaponAttack,registered; gameplay qualification separate,,Registration does not establish full encounter/PvP parity. Bounty Hunter-only item restrictions are not fully implemented.
28021,obj.bh_dragon_dagger_p_corrupted,Dragon dagger (p)(cr),StabSword,250,Puncture: Deal two quick slashes with 15% increased accuracy and 15% increased damage.,False,True,Puncture,Melee,org.rsmod.content.other.special.attacks.melee.MeleeWeaponSpecialAttacks$WeaponAttack,registered; gameplay qualification separate,,Registration does not establish full encounter/PvP parity. Bounty Hunter-only item restrictions are not fully implemented.
28023,obj.bh_dragon_dagger_p+_corrupted,Dragon dagger (p+)(cr),StabSword,250,Puncture: Deal two quick slashes with 15% increased accuracy and 15% increased damage.,False,True,Puncture,Melee,org.rsmod.content.other.special.attacks.melee.MeleeWeaponSpecialAttacks$WeaponAttack,registered; gameplay qualification separate,,Registration does not establish full encounter/PvP parity. Bounty Hunter-only item restrictions are not fully implemented.
28025,obj.bh_dragon_dagger_p++_corrupted,Dragon dagger (p++)(cr),StabSword,250,Puncture: Deal two quick slashes with 15% increased accuracy and 15% increased damage.,False,True,Puncture,Melee,org.rsmod.content.other.special.attacks.melee.MeleeWeaponSpecialAttacks$WeaponAttack,registered; gameplay qualification separate,,Registration does not establish full encounter/PvP parity. Bounty Hunter-only item restrictions are not fully implemented.
1231,obj.dragon_dagger_p,Dragon dagger(p),StabSword,250,Puncture: Deal two quick slashes with 15% increased accuracy and 15% increased damage.,False,True,Puncture,Melee,org.rsmod.content.other.special.attacks.melee.MeleeWeaponSpecialAttacks$WeaponAttack,registered; gameplay qualification separate,,Registration does not establish full encounter/PvP parity.
5680,obj.dragon_dagger_p+,Dragon dagger(p+),StabSword,250,Puncture: Deal two quick slashes with 15% increased accuracy and 15% increased damage.,False,True,Puncture,Melee,org.rsmod.content.other.special.attacks.melee.MeleeWeaponSpecialAttacks$WeaponAttack,registered; gameplay qualification separate,,Registration does not establish full encounter/PvP parity.
5698,obj.dragon_dagger_p++,Dragon dagger(p++),StabSword,250,Puncture: Deal two quick slashes with 15% increased accuracy and 15% increased damage.,False,True,Puncture,Melee,org.rsmod.content.other.special.attacks.melee.MeleeWeaponSpecialAttacks$WeaponAttack,registered; gameplay qualification separate,,Registration does not establish full encounter/PvP parity.
4153,obj.granite_maul,Granite maul,Blunt,600,Quick Smash: Deal an extra attack instantly.,False,False,Quick Smash,missing,,missing handler,"Granite maul requires an immediate extra attack and correct double-click/target scheduling, not a normal delayed hit.",
12848,obj.granite_maul_pretty,Granite maul,Blunt,600,Quick Smash: Deal an extra attack instantly.,False,False,Quick Smash,missing,,missing handler,"Granite maul requires an immediate extra attack and correct double-click/target scheduling, not a normal delayed hit.",
20557,obj.br_granite_maul,Granite maul,Blunt,500,Quick Smash: Deal an extra attack instantly.,False,False,Quick Smash,missing,,missing handler,"Granite maul requires an immediate extra attack and correct double-click/target scheduling, not a normal delayed hit.",
24225,obj.granite_maul_plus,Granite maul,Blunt,500,Quick Smash: Deal an extra attack instantly.,False,False,Quick Smash,missing,,missing handler,"Granite maul requires an immediate extra attack and correct double-click/target scheduling, not a normal delayed hit.",
24227,obj.granite_maul_pretty_plus,Granite maul,Blunt,500,Quick Smash: Deal an extra attack instantly.,False,False,Quick Smash,missing,,missing handler,"Granite maul requires an immediate extra attack and correct double-click/target scheduling, not a normal delayed hit.",
1377,obj.dragon_battleaxe,Dragon battleaxe,Axe,1000,"Rampage: Drain your Attack, Defence, Ranged & Magic levels by 10%, while increasing your Strength by 10 levels, plus 25% of the drained levels.",False,True,Rampage,Instant,org.rsmod.content.other.special.attacks.boost.StatBoostSpecialAttacks$register$46,registered; gameplay qualification separate,,Registration does not establish full encounter/PvP parity.
28037,obj.bh_dragon_battleaxe_corrupted,Dragon battleaxe (cr),Axe,1000,"Rampage: Drain your Attack, Defence, Ranged & Magic levels by 10%, while increasing your Strength by 10 levels, plus 25% of the drained levels.",False,True,Rampage,Instant,org.rsmod.content.other.special.attacks.boost.StatBoostSpecialAttacks$register$47,registered; gameplay qualification separate,,Registration does not establish full encounter/PvP parity. Bounty Hunter-only item restrictions are not fully implemented.
31583,obj.rosewood_blowpipe,Rosewood blowpipe,Unarmed,250,Rapid Burst: Fire two darts in rapid succession with 20% reduced accuracy and 10% increased damage.,False,False,Rapid Burst,missing,,missing handler,Unarmed cache category plus missing dart-loading and ordinary blowpipe attacks; two-shot special alone is insufficient.,
24699,obj.blisterwood_flail,Blisterwood flail,Staff,100,Retainer: Traps a vampyre juvenile or juvinate provided they have 50% or less hitpoints remaining.,False,False,Retainer,missing,,missing handler,Vampyre-specific Retainer special and target restrictions absent; these Staff cache categories should not be mislabelled as implemented magic specials.,
33718,obj.hallowed_flail,Hallowed flail,Unarmed,100,Retainer: Traps a vampyre juvenile or juvinate provided they have 50% or less hitpoints remaining.,False,False,Retainer,missing,,missing handler,Ivandis/blisterwood require vampyre-type and health validation plus quest transformation/trapping behavior.,
22398,obj.ivandis_flail,Ivandis flail,Staff,100,Retainer: Traps a vampyre juvenile or juvinate provided they have 50% or less hitpoints remaining.,False,False,Retainer,missing,,missing handler,Vampyre-specific Retainer special and target restrictions absent; these Staff cache categories should not be mislabelled as implemented magic specials.,
7648,obj.burgh_rod_command_final_1,Rod of Ivandis (1),Staff,100,Retainer: Traps a vampyre juvenile or juvinate provided they have 50% or less hitpoints remaining.,False,False,Retainer,missing,,missing handler,Rod of Ivandis Retainer requires target species/HP and vampyre conversion logic plus item charge degradation; not implemented.,
7639,obj.burgh_rod_command_final_10,Rod of Ivandis (10),Staff,100,Retainer: Traps a vampyre juvenile or juvinate provided they have 50% or less hitpoints remaining.,False,False,Retainer,missing,,missing handler,Rod of Ivandis Retainer requires target species/HP and vampyre conversion logic plus item charge degradation; not implemented.,
7647,obj.burgh_rod_command_final_2,Rod of Ivandis (2),Staff,100,Retainer: Traps a vampyre juvenile or juvinate provided they have 50% or less hitpoints remaining.,False,False,Retainer,missing,,missing handler,Rod of Ivandis Retainer requires target species/HP and vampyre conversion logic plus item charge degradation; not implemented.,
7646,obj.burgh_rod_command_final_3,Rod of Ivandis (3),Staff,100,Retainer: Traps a vampyre juvenile or juvinate provided they have 50% or less hitpoints remaining.,False,False,Retainer,missing,,missing handler,Rod of Ivandis Retainer requires target species/HP and vampyre conversion logic plus item charge degradation; not implemented.,
7645,obj.burgh_rod_command_final_4,Rod of Ivandis (4),Staff,100,Retainer: Traps a vampyre juvenile or juvinate provided they have 50% or less hitpoints remaining.,False,False,Retainer,missing,,missing handler,Rod of Ivandis Retainer requires target species/HP and vampyre conversion logic plus item charge degradation; not implemented.,
7644,obj.burgh_rod_command_final_5,Rod of Ivandis (5),Staff,100,Retainer: Traps a vampyre juvenile or juvinate provided they have 50% or less hitpoints remaining.,False,False,Retainer,missing,,missing handler,Rod of Ivandis Retainer requires target species/HP and vampyre conversion logic plus item charge degradation; not implemented.,
7643,obj.burgh_rod_command_final_6,Rod of Ivandis (6),Staff,100,Retainer: Traps a vampyre juvenile or juvinate provided they have 50% or less hitpoints remaining.,False,False,Retainer,missing,,missing handler,Rod of Ivandis Retainer requires target species/HP and vampyre conversion logic plus item charge degradation; not implemented.,
7642,obj.burgh_rod_command_final_7,Rod of Ivandis (7),Staff,100,Retainer: Traps a vampyre juvenile or juvinate provided they have 50% or less hitpoints remaining.,False,False,Retainer,missing,,missing handler,Rod of Ivandis Retainer requires target species/HP and vampyre conversion logic plus item charge degradation; not implemented.,
7641,obj.burgh_rod_command_final_8,Rod of Ivandis (8),Staff,100,Retainer: Traps a vampyre juvenile or juvinate provided they have 50% or less hitpoints remaining.,False,False,Retainer,missing,,missing handler,Rod of Ivandis Retainer requires target species/HP and vampyre conversion logic plus item charge degradation; not implemented.,
7640,obj.burgh_rod_command_final_9,Rod of Ivandis (9),Staff,100,Retainer: Traps a vampyre juvenile or juvinate provided they have 50% or less hitpoints remaining.,False,False,Retainer,missing,,missing handler,Rod of Ivandis Retainer requires target species/HP and vampyre conversion logic plus item charge degradation; not implemented.,
20014,obj.3a_pickaxe,3rd Age pickaxe,Pickaxe,1000,Rock Knocker: Increase your Mining level by 3.,True,True,Rock Knocker,Instant,org.rsmod.content.other.special.attacks.boost.StatBoostSpecialAttacks$register$38,registered; gameplay qualification separate,,Registration does not establish full encounter/PvP parity.
23680,obj.crystal_pickaxe,Crystal pickaxe,Pickaxe,1000,Rock Knocker: Increase your Mining level by 3.,True,True,Rock Knocker,Instant,org.rsmod.content.other.special.attacks.boost.StatBoostSpecialAttacks$register$39,registered; gameplay qualification separate,,Registration does not establish full encounter/PvP parity.
23682,obj.crystal_pickaxe_inactive,Crystal pickaxe (inactive),Pickaxe,1000,Rock Knocker: Increase your Mining level by 3.,False,True,Rock Knocker,Instant,org.rsmod.content.other.special.attacks.boost.StatBoostSpecialAttacks$register$40,registered; gameplay qualification separate,,Registration does not establish full encounter/PvP parity.
11920,obj.dragon_pickaxe,Dragon pickaxe,Pickaxe,1000,Rock Knocker: Increase your Mining level by 3.,True,True,Rock Knocker,Instant,org.rsmod.content.other.special.attacks.boost.StatBoostSpecialAttacks$register$30,registered; gameplay qualification separate,,Registration does not establish full encounter/PvP parity.
12797,obj.dragon_pickaxe_pretty,Dragon pickaxe,Pickaxe,1000,Rock Knocker: Increase your Mining level by 3.,True,True,Rock Knocker,Instant,org.rsmod.content.other.special.attacks.boost.StatBoostSpecialAttacks$register$33,registered; gameplay qualification separate,,Registration does not establish full encounter/PvP parity.
23677,obj.zalcano_pickaxe,Dragon pickaxe (or),Pickaxe,1000,Rock Knocker: Increase your Mining level by 3.,True,True,Rock Knocker,Instant,org.rsmod.content.other.special.attacks.boost.StatBoostSpecialAttacks$register$31,registered; gameplay qualification separate,,Registration does not establish full encounter/PvP parity.
25112,obj.league_trailblazer_pickaxe,Echo pickaxe,Pickaxe,1000,Rock Knocker: Increase your Mining level by 3.,False,True,Rock Knocker,Instant,org.rsmod.content.other.special.attacks.boost.StatBoostSpecialAttacks$register$41,registered; gameplay qualification separate,,Registration does not establish full encounter/PvP parity.
13243,obj.infernal_pickaxe,Infernal pickaxe,Pickaxe,1000,Rock Knocker: Increase your Mining level by 3.,True,True,Rock Knocker,Instant,org.rsmod.content.other.special.attacks.boost.StatBoostSpecialAttacks$register$34,registered; gameplay qualification separate,,Registration does not establish full encounter/PvP parity.
13244,obj.infernal_pickaxe_empty,Infernal pickaxe (uncharged),Pickaxe,1000,Rock Knocker: Increase your Mining level by 3.,True,True,Rock Knocker,Instant,org.rsmod.content.other.special.attacks.boost.StatBoostSpecialAttacks$register$35,registered; gameplay qualification separate,,Registration does not establish full encounter/PvP parity.
35,obj.excalibur,Excalibur,SlashSword,1000,Sanctuary: Temporarily increase your Defence level by 8.,False,True,Sanctuary,Instant,org.rsmod.content.other.special.attacks.boost.StatBoostSpecialAttacks$register$45,registered; gameplay qualification separate,,Registration does not establish full encounter/PvP parity.
12808,obj.blessed_saradomin_sword,Sara's blessed sword (full),TwoHandedSword,650,Saradomin's Lightning: Call upon Saradomin's power to perform an attack with 25% higher max hit.,False,False,Saradomin's Lightning,missing,,missing handler,Ordinary and blessed swords have different physical/magic damage behavior; no registered handler yet.,
11838,obj.saradomin_sword,Saradomin sword,TwoHandedSword,1000,Saradomin's Lightning: Call upon Saradomin's power to perform an attack that inflicts 10% more melee damage and 1-16 extra magic damage.,False,False,Saradomin's Lightning,missing,,missing handler,Ordinary and blessed swords have different physical/magic damage behavior; no registered handler yet.,
12809,obj.blessed_saradomin_sword_degraded,Saradomin's blessed sword,TwoHandedSword,650,Saradomin's Lightning: Call upon Saradomin's power to perform an attack with 25% higher max hit.,False,False,Saradomin's Lightning,missing,,missing handler,Ordinary and blessed swords have different physical/magic damage behavior; no registered handler yet.,
29594,obj.purging_staff,Purging staff,Staff,250,"Scatter ashes: Casts the highest available demonbane spell. If it kills a demon, it refunds its special attack energy cost, and reduces the next attack delay.",False,False,Scatter ashes,missing,,missing handler,"Special must select compatible demonbane spell, apply demon-specific damage/accuracy and conditional energy refund; not implemented.",
33184,obj.br_purging_staff,Purging staff,Unarmed,250,"Scatter ashes: Casts the highest available demonbane spell. If it kills a demon, it refunds its special attack energy cost, and reduces the next attack delay.",False,False,Scatter ashes,missing,,missing handler,"Special must select compatible demonbane spell, apply demon-specific damage/accuracy and conditional energy refund; not implemented.",
29591,obj.scorching_bow,Scorching bow,Bow,250,Scorching shackles: A scorching shot with 30% bonus accuracy that will bind and burn enemy demons for 12 seconds.),False,False,Scorching shackles,missing,,missing handler,Special burn scheduling and demon-only guaranteed accuracy/root duration absent.,
33722,obj.sunspear,Sunspear,Unarmed,500,"Seeking Lunge: Always deals 70% of your maximum damage on a successful hit. If a monster has less health than this attack would deal, the attack always rolls exactly 70% of its maximum accuracy roll.",False,False,Seeking Lunge,missing,,missing handler,Sunspear is decoded Unarmed; exact70% damage and low-HP accuracy behavior need a dedicated handler.,
4587,obj.dragon_scimitar,Dragon scimitar,SlashSword,550,Sever: Deal a slash with increased accuracy that prevents your target from using protection prayers for 5 seconds if it successfully hits.,False,False,Sever,missing,,missing handler,Dragon scimitar requires temporarily disabling only protection prayers and enforcing that lock in prayer activation.,
20406,obj.br_dragon_scimitar,Dragon scimitar,SlashSword,550,Sever: Deal a slash with increased accuracy that can prevent your target from using protection prayers for 5 seconds.,False,False,Sever,missing,,missing handler,Dragon scimitar requires temporarily disabling only protection prayers and enforcing that lock in prayer activation.,
28031,obj.bh_dragon_scimitar_corrupted,Dragon scimitar (cr),SlashSword,550,Sever: Deal a slash with increased accuracy that prevents your target from using protection prayers for 5 seconds if it successfully hits.,False,False,Sever,missing,,missing handler,Dragon scimitar requires temporarily disabling only protection prayers and enforcing that lock in prayer activation.,
20000,obj.dragon_scimitar_ornament,Dragon scimitar (or),SlashSword,550,Sever: Deal a slash with increased accuracy that prevents your target from using protection prayers for 5 seconds if it successfully hits.,False,False,Sever,missing,,missing handler,Dragon scimitar requires temporarily disabling only protection prayers and enforcing that lock in prayer activation.,
1434,obj.dragon_mace,Dragon mace,Spiked,250,Shatter: Increase damage by 50% and accuracy by 25% for one hit.,False,True,Shatter,Melee,org.rsmod.content.other.special.attacks.melee.MeleeWeaponSpecialAttacks$WeaponAttack,registered; gameplay qualification separate,,Registration does not establish full encounter/PvP parity.
27857,obj.bh_dragon_mace_imbue,Dragon mace (bh),Spiked,150,"Shatter: Increase damage by 50% and accuracy by 25% for one hit, treats your target's defence as if it was reduced to 60%.",False,False,Shatter,missing,,missing handler,Normal dragon mace implemented; BH imbued still requires its defence-roll reduction to60%.,
28027,obj.bh_dragon_mace_corrupted,Dragon mace (cr),Spiked,250,Shatter: Increase damage by 50% and accuracy by 25% for one hit.,False,True,Shatter,Melee,org.rsmod.content.other.special.attacks.melee.MeleeWeaponSpecialAttacks$WeaponAttack,registered; gameplay qualification separate,,Registration does not establish full encounter/PvP parity. Bounty Hunter-only item restrictions are not fully implemented.
28682,obj.dinhs_bulwark_ornament,Dinh's blazing bulwark,Bulwark,500,Shield Bash: Hit surrounding targets within a 10x10 area with 20% increased accuracy.,False,False,Shield Bash,missing,,missing handler,Dinh's requires validated large-area targeting and its current additional primary-hit/stat-drain behavior.,
21015,obj.dinhs_bulwark,Dinh's bulwark,Bulwark,500,Shield Bash: Hit surrounding targets within a 10x10 area with 20% increased accuracy.,False,False,Shield Bash,missing,,missing handler,Dinh's requires validated large-area targeting and its current additional primary-hit/stat-drain behavior.,
1249,obj.dragon_spear,Dragon spear,Spear,250,Shove: Push your target back and stun them for 3 seconds. This attack deals no damage.,False,False,Shove,missing,,missing handler,"Dragon/Zamorak spears and hasta require validated knockback, path/collision checks and stun lifecycle.",
28041,obj.bh_dragon_spear_corrupted,Dragon spear (cr),Spear,250,Shove: Push your target back and stun them for 3 seconds. This attack deals no damage.,False,False,Shove,missing,,missing handler,"Dragon/Zamorak spears and hasta require validated knockback, path/collision checks and stun lifecycle.",
28043,obj.bh_dragon_spear_p_corrupted,Dragon spear (p)(cr),Spear,250,Shove: Push your target back and stun them for 3 seconds. This attack deals no damage.,False,False,Shove,missing,,missing handler,"Dragon/Zamorak spears and hasta require validated knockback, path/collision checks and stun lifecycle.",
28045,obj.bh_dragon_spear_p+_corrupted,Dragon spear (p+)(cr),Spear,250,Shove: Push your target back and stun them for 3 seconds. This attack deals no damage.,False,False,Shove,missing,,missing handler,"Dragon/Zamorak spears and hasta require validated knockback, path/collision checks and stun lifecycle.",
28047,obj.bh_dragon_spear_p++_corrupted,Dragon spear (p++)(cr),Spear,250,Shove: Push your target back and stun them for 3 seconds. This attack deals no damage.,False,False,Shove,missing,,missing handler,"Dragon/Zamorak spears and hasta require validated knockback, path/collision checks and stun lifecycle.",
3176,obj.tbwt_dragon_spear_kp,Dragon spear(kp),Spear,250,Shove: Push your target back and stun them for 3 seconds. This attack deals no damage.,False,False,Shove,missing,,missing handler,"Dragon/Zamorak spears and hasta require validated knockback, path/collision checks and stun lifecycle.",
1263,obj.dragon_spear_p,Dragon spear(p),Spear,250,Shove: Push your target back and stun them for 3 seconds. This attack deals no damage.,False,False,Shove,missing,,missing handler,"Dragon/Zamorak spears and hasta require validated knockback, path/collision checks and stun lifecycle.",
5716,obj.dragon_spear_p+,Dragon spear(p+),Spear,250,Shove: Push your target back and stun them for 3 seconds. This attack deals no damage.,False,False,Shove,missing,,missing handler,"Dragon/Zamorak spears and hasta require validated knockback, path/collision checks and stun lifecycle.",
5730,obj.dragon_spear_p++,Dragon spear(p++),Spear,250,Shove: Push your target back and stun them for 3 seconds. This attack deals no damage.,False,False,Shove,missing,,missing handler,"Dragon/Zamorak spears and hasta require validated knockback, path/collision checks and stun lifecycle.",
11889,obj.zamorak_hasta,Zamorakian hasta,Spear,250,Shove: Push your target back and stun them for 3 seconds. This attack deals no damage.,False,False,Shove,missing,,missing handler,"Dragon/Zamorak spears and hasta require validated knockback, path/collision checks and stun lifecycle.",
11824,obj.zamorak_spear,Zamorakian spear,Spear,250,Shove: Push your target back and stun them for 3 seconds. This attack deals no damage.,False,False,Shove,missing,,missing handler,"Dragon/Zamorak spears and hasta require validated knockback, path/collision checks and stun lifecycle.",
28534,obj.deadman_blighted_dragon_claws,Corrupted dragon claws,Claw,500,"Slice and Dice: Hit 4 times in quick succession, with great accuracy.",False,False,Slice and Dice,missing,,missing handler,Dragon claws require the exact four-accuracy-roll damage distribution and miss branches; no generic four-normal-hit substitute added.,
13652,obj.dragon_claws,Dragon claws,Claw,500,"Slice and Dice: Hit 4 times in quick succession, with great accuracy.",False,False,Slice and Dice,missing,,missing handler,Dragon claws require the exact four-accuracy-roll damage distribution and miss branches; no generic four-normal-hit substitute added.,
20784,obj.br_dragon_claws,Dragon claws,Claw,500,"Slice and Dice: Hit 4 times in quick succession, with great accuracy.",False,False,Slice and Dice,missing,,missing handler,Dragon claws require the exact four-accuracy-roll damage distribution and miss branches; no generic four-normal-hit substitute added.,
28039,obj.bh_dragon_claws_corrupted,Dragon claws (cr),Claw,500,"Slice and Dice: Hit 4 times in quick succession, with great accuracy.",False,False,Slice and Dice,missing,,missing handler,Dragon claws require the exact four-accuracy-roll damage distribution and miss branches; no generic four-normal-hit substitute added.,
26708,obj.dragon_claws_ornament,Dragon claws (or),Claw,500,"Slice and Dice: Hit 4 times in quick succession, with great accuracy.",False,False,Slice and Dice,missing,,missing handler,Dragon claws require the exact four-accuracy-roll damage distribution and miss branches; no generic four-normal-hit substitute added.,
13576,obj.dragon_warhammer,Dragon warhammer,Blunt,500,Smash: Deal an attack that inflicts 50% more damage and lowers your target's Defence level by 30%.,False,True,Smash,Melee,org.rsmod.content.other.special.attacks.melee.MeleeWeaponSpecialAttacks$WeaponAttack,registered; gameplay qualification separate,,Registration does not establish full encounter/PvP parity.
20785,obj.br_dragon_warhammer,Dragon warhammer,Unarmed,500,Smash: Deal an attack that inflicts 50% more damage and lowers your target's Defence level by 30%.,False,True,Smash,Melee,org.rsmod.content.other.special.attacks.melee.MeleeWeaponSpecialAttacks$WeaponAttack,registered; gameplay qualification separate,,Registration does not establish full encounter/PvP parity. Cache category Unarmed: normal combat dispatch/bonuses need separate validation.
28035,obj.bh_dragon_warhammer_corrupted,Dragon warhammer (cr),Blunt,500,Smash: Deal an attack that inflicts 50% more damage and lowers your target's Defence level by 30%.,False,True,Smash,Melee,org.rsmod.content.other.special.attacks.melee.MeleeWeaponSpecialAttacks$WeaponAttack,registered; gameplay qualification separate,,Registration does not establish full encounter/PvP parity. Bounty Hunter-only item restrictions are not fully implemented.
26710,obj.dragon_warhammer_ornament,Dragon warhammer (or),Blunt,500,Smash: Deal an attack that inflicts 50% more damage and lowers your target's Defence level by 30%.,False,True,Smash,Melee,org.rsmod.content.other.special.attacks.melee.MeleeWeaponSpecialAttacks$WeaponAttack,registered; gameplay qualification separate,,Registration does not establish full encounter/PvP parity.
22622,obj.statius_warhammer,Statius's warhammer,Blunt,350,Smash: Deal an attack which deals a minimum of 25% extra damage and lowers your target's Defence level by 30%.,False,False,Smash,missing,,missing handler,Dragon warhammer implemented; Statius variants require their minimum-damage distribution and PvP restrictions.,
23620,obj.br_statius_warhammer,Statius's warhammer,Blunt,350,Smash: Deal an attack which deals a minimum of 25% extra damage and lowers your target's Defence level by 30%.,False,False,Smash,missing,,missing handler,Dragon warhammer implemented; Statius variants require their minimum-damage distribution and PvP restrictions.,
27908,obj.statius_warhammer_bh,Statius's warhammer (bh),Blunt,350,Smash: Deal an attack which deals a minimum of 25% extra damage and lowers your target's Defence level by 75%.,False,False,Smash,missing,,missing handler,Dragon warhammer implemented; Statius variants require their minimum-damage distribution and PvP restrictions.,
861,obj.magic_shortbow,Magic shortbow,Bow,550,"Snapshot: Fire two arrows within quick succession, but with reduced accuracy.",False,True,Snapshot,Ranged,org.rsmod.content.other.special.attacks.ranged.RangedWeaponSpecialAttacks$WeaponAttack,registered; gameplay qualification separate,,Registration does not establish full encounter/PvP parity.
20558,obj.br_magic_bow,Magic shortbow,Unarmed,550,"Snapshot: Fire two arrows within quick succession, but with reduced accuracy.",False,False,Snapshot,missing,,missing handler,"MSB family alias is category Unarmed in exact installed cache, so default combat type/style would not reach a ranged handler. Cache metadata and normal attack must be fixed together.",
12788,obj.magic_shortbow_i,Magic shortbow (i),Bow,500,"Snapshot: Fire two arrows within quick succession, but with reduced accuracy.",False,True,Snapshot,Ranged,org.rsmod.content.other.special.attacks.ranged.RangedWeaponSpecialAttacks$WeaponAttack,registered; gameplay qualification separate,,Registration does not establish full encounter/PvP parity.
8880,obj.dttd_bone_crossbow,Dorgeshuun crossbow,Crossbow,750,Snipe: Deal an attack with greatly increased accuracy on unsuspecting targets and that lowers your target's Defence level by the damage dealt.,False,False,Snipe,missing,,missing handler,Snipe first-attack accuracy and non-stacking defence-drain mechanic not implemented.,
30369,obj.weapon_of_sol,Sunlight spear,StabSword,7,"Sol Slam: Immediately deal an AoE attack around you in a 7x7 radius, increases damage based on your prayer bonus.",False,False,Sol Slam,missing,,missing handler,Sol weapon requires immediate area damage and Prayer-bonus scaling.,
31113,obj.eye_of_ayak,Eye of Ayak,Unarmed,500,"Soul Rend: Deliver a strike with doubled accuracy and 30% higher max hit, draining Magic Defence equal to the damage dealt.",False,False,Soul Rend,missing,,missing handler,"Eye of Ayak is decoded Unarmed and requires normal charged-staff attacks, doubled-accuracy special,30% damage bonus and persistent magic-defence reduction.",
6724,obj.daganoth_cave_magic_shortbow,Seercull,Bow,1000,Soulshot: Deal an attack that is guaranteed to hit your target and lowers your target's Magic level by the damage dealt.,False,True,Soulshot,Ranged,org.rsmod.content.other.special.attacks.ranged.RangedWeaponSpecialAttacks$WeaponAttack,registered; gameplay qualification separate,,Registration does not establish full encounter/PvP parity.
22610,obj.vestas_spear,Vesta's spear,Spear,500,"Spear Wall: All damage dealt by this attack is reduced by 50%, but will damage up to sixteen targets surrounding you. After using this attack, you will be immune from melee and ranged attacks for 5 seconds.",False,False,Spear Wall,missing,,missing handler,Vesta spear requires multiway area targeting followed by temporary melee/ranged immunity.,
27900,obj.vestas_spear_bh,Vesta's spear (bh),Spear,500,"Spear Wall: Will hit twice with second hit deals a damage between 50% - 75% of the first hit damage. After using this attack, you will be immune from melee and ranged attacks for 5 seconds and the next attack delay is reduced by 0.6 seconds.",False,False,Spear Wall,missing,,missing handler,Vesta spear requires multiway area targeting followed by temporary melee/ranged immunity.,
10887,obj.brain_anchor,Barrelchest anchor,Spiked,500,"Sunder: Deal an attack with double accuracy and 10% higher max hit. Lowers your target's Attack, Defence, Ranged or Magic level by 10% of the damage dealt.",False,True,Sunder,Melee,org.rsmod.content.other.special.attacks.melee.MeleeWeaponSpecialAttacks$WeaponAttack,registered; gameplay qualification separate,,Registration does not establish full encounter/PvP parity.
27855,obj.bh_brain_anchor_imbue,Barrelchest anchor (bh),Spiked,500,"Sunder: Deal an attack with double accuracy and 25% higher max hit. Lowers your target's Attack, Defence, Ranged or Magic level by 10% of the damage dealt. Reduces the next attack delay by 1.2 seconds.",False,True,Sunder,Melee,org.rsmod.content.other.special.attacks.melee.MeleeWeaponSpecialAttacks$WeaponAttack,registered; gameplay qualification separate,,Registration does not establish full encounter/PvP parity. Bounty Hunter-only item restrictions are not fully implemented.
27655,obj.wild_cave_webweaver_charged,Webweaver bow,Bow,500,"Swarm: Fire 4 times in quick succession, dealing reduced damage and inflicting poison.",False,False,Swarm,missing,,missing handler,Missing ether charge/load lifecycle and ordinary charged-bow WeaponMap. Four-hit special and poison also absent. Generic ranged combat deliberately stops unregistered chargebows with The bow refuses to fire.,
23987,obj.crystal_halberd,Crystal halberd,Polearm,300,"Sweep: If your target is small, adjacent targets may be hit too. Otherwise, your target may be hit a second time, with 25% decreased accuracy. Damage in all cases is increased by 10% of your max hit.",False,True,Sweep,Melee,org.rsmod.content.other.special.attacks.melee.HalberdSpecialAttacks$Sweep,registered; gameplay qualification separate,,Registration does not establish full encounter/PvP parity. Secondary AoE hits NPCs only; positive PvP-bystander eligibility is not available.
24125,obj.crystal_halberd_2500,Crystal halberd,Polearm,300,"Sweep: If your target is small, adjacent targets may be hit too. Otherwise, your target may be hit a second time, with 25% decreased accuracy. Damage in all cases is increased by 10% of your max hit.",False,True,Sweep,Melee,org.rsmod.content.other.special.attacks.melee.HalberdSpecialAttacks$Sweep,registered; gameplay qualification separate,,Registration does not establish full encounter/PvP parity. Secondary AoE hits NPCs only; positive PvP-bystander eligibility is not available.
3204,obj.dragon_halberd,Dragon halberd,Polearm,300,"Sweep: If your target is small, adjacent targets may be hit too. Otherwise, your target may be hit a second time, with 25% decreased accuracy. Damage in all cases is increased by 10% of your max hit.",False,True,Sweep,Melee,org.rsmod.content.other.special.attacks.melee.HalberdSpecialAttacks$Sweep,registered; gameplay qualification separate,,Registration does not establish full encounter/PvP parity. Secondary AoE hits NPCs only; positive PvP-bystander eligibility is not available.
28049,obj.bh_dragon_halberd_corrupted,Dragon halberd (cr),Polearm,300,"Sweep: If your target is small, adjacent targets may be hit too. Otherwise, your target may be hit a second time, with 25% decreased accuracy. Damage in all cases is increased by 10% of your max hit.",False,True,Sweep,Melee,org.rsmod.content.other.special.attacks.melee.HalberdSpecialAttacks$Sweep,registered; gameplay qualification separate,,Registration does not establish full encounter/PvP parity. Bounty Hunter-only item restrictions are not fully implemented. Secondary AoE hits NPCs only; positive PvP-bystander eligibility is not available.
11802,obj.ags,Armadyl godsword,TwoHandedSword,500,The Judgement: Deal an attack that inflicts 37.5% more damage with double accuracy.,False,True,The Judgement,Melee,org.rsmod.content.other.special.attacks.melee.MeleeWeaponSpecialAttacks$WeaponAttack,registered; gameplay qualification separate,,Registration does not establish full encounter/PvP parity.
20593,obj.br_ags,Armadyl godsword,TwoHandedSword,500,The Judgement: Deal an attack that inflicts 37.5% more damage with double accuracy.,False,True,The Judgement,Melee,org.rsmod.content.other.special.attacks.melee.MeleeWeaponSpecialAttacks$WeaponAttack,registered; gameplay qualification separate,,Registration does not establish full encounter/PvP parity.
29605,obj.deadman_ags,Armadyl godsword (Deadman),TwoHandedSword,500,The Judgement: Deal an attack that inflicts 37.5% more damage with double accuracy.,False,True,The Judgement,Melee,org.rsmod.content.other.special.attacks.melee.MeleeWeaponSpecialAttacks$WeaponAttack,registered; gameplay qualification separate,,Registration does not establish full encounter/PvP parity.
20368,obj.agsg,Armadyl godsword (or),TwoHandedSword,500,The Judgement: Deal an attack that inflicts 37.5% more damage with double accuracy.,False,True,The Judgement,Melee,org.rsmod.content.other.special.attacks.melee.MeleeWeaponSpecialAttacks$WeaponAttack,registered; gameplay qualification separate,,Registration does not establish full encounter/PvP parity.
28537,obj.deadman_blighted_ags,Corrupted armadyl godsword,TwoHandedSword,500,The Judgement: Deal an attack that inflicts 37.5% more damage with double accuracy.,False,True,The Judgement,Melee,org.rsmod.content.other.special.attacks.melee.MeleeWeaponSpecialAttacks$WeaponAttack,registered; gameplay qualification separate,,Registration does not establish full encounter/PvP parity.
28688,obj.toxic_blowpipe_loaded_ornament,Blazing blowpipe,Thrown,500,Toxic Siphon: Deal an attack with 100% increased accuracy that inflicts 50% more damage and heals you for 50% of the damage dealt.,False,False,Toxic Siphon,missing,,missing handler,"No normal blowpipe WeaponMap, loading/unloading or venom handler. Three packed varobjs exist, but WornBonuses still has TODO Apply toxic blowpipe dart bonuses. A special alone would have invalid ammo/strength/charge behaviour.",
12926,obj.toxic_blowpipe_loaded,Toxic blowpipe,Thrown,500,Toxic Siphon: Deal an attack with 100% increased accuracy that inflicts 50% more damage and heals you for 50% of the damage dealt.,False,False,Toxic Siphon,missing,,missing handler,"No normal blowpipe WeaponMap, loading/unloading or venom handler. Three packed varobjs exist, but WornBonuses still has TODO Apply toxic blowpipe dart bonuses. A special alone would have invalid ammo/strength/charge behaviour.",
27291,obj.keris_partisan_sun,Keris partisan of the sun,Unarmed,750,"Tumeken's Light: Sacrifice 50 prayer points to restore your hitpoints to 20% above their maximum, cure all poison, restore all drained stats (except prayer) and fully restore your run energy. This special attack can only be used within the Tombs of Amascut.",False,False,Tumeken's Light,missing,,missing handler,"Sun partisan is decoded Unarmed and requires ToA-only context,50 Prayer sacrifice and simultaneous restore/cure effects.",
22731,obj.brut_dragon_spear,Dragon hasta,Spear,50,Unleash: Deal an attack which has 5% increased accuracy and 2.5% increased strength per 5% of the special attack bar used.,False,False,Unleash,missing,,missing handler,Dragon hasta consumes a variable amount of remaining energy; specialized cache energy values cannot use fixed-cost generic handlers.,
22743,obj.brut_dragon_spear_kp,Dragon hasta(kp),Spear,50,Unleash: Deal an attack which has 5% increased accuracy and 2.5% increased strength per 5% of the special attack bar used.,False,False,Unleash,missing,,missing handler,Dragon hasta consumes a variable amount of remaining energy; specialized cache energy values cannot use fixed-cost generic handlers.,
22734,obj.brut_dragon_spear_p,Dragon hasta(p),Spear,50,Unleash: Deal an attack which has 5% increased accuracy and 2.5% increased strength per 5% of the special attack bar used.,False,False,Unleash,missing,,missing handler,Dragon hasta consumes a variable amount of remaining energy; specialized cache energy values cannot use fixed-cost generic handlers.,
22737,obj.brut_dragon_spear_p+,Dragon hasta(p+),Spear,50,Unleash: Deal an attack which has 5% increased accuracy and 2.5% increased strength per 5% of the special attack bar used.,False,False,Unleash,missing,,missing handler,Dragon hasta consumes a variable amount of remaining energy; specialized cache energy values cannot use fixed-cost generic handlers.,
22740,obj.brut_dragon_spear_p++,Dragon hasta(p++),Spear,50,Unleash: Deal an attack which has 5% increased accuracy and 2.5% increased strength per 5% of the special attack bar used.,False,False,Unleash,missing,,missing handler,Dragon hasta consumes a variable amount of remaining energy; specialized cache energy values cannot use fixed-cost generic handlers.,
29796,obj.noxious_halberd,Noxious halberd,Polearm,500,Virulence: Instantly metabolize any poison you are suffering from to buff your next attack by that amount of damage.,False,False,Virulence,missing,,missing handler,Noxious halberd requires consuming current poison state and preserving a one-shot next-attack damage bonus.,
33178,obj.br_noxious_halberd,Noxious halberd,Unarmed,500,Virulence: Instantly metabolize any poison you are suffering from to buff your next attack by that amount of damage.,False,False,Virulence,missing,,missing handler,Noxious halberd requires consuming current poison state and preserving a one-shot next-attack damage bonus.,
11804,obj.bgs,Bandos godsword,TwoHandedSword,500,"Warstrike: Deal an attack, with double accuracy, that inflicts 21% more damage and drains one of your target's combat stats by the damage dealt.",False,True,Warstrike,Melee,org.rsmod.content.other.special.attacks.melee.MeleeWeaponSpecialAttacks$WeaponAttack,registered; gameplay qualification separate,,Registration does not establish full encounter/PvP parity.
20370,obj.bgsg,Bandos godsword (or),TwoHandedSword,500,"Warstrike: Deal an attack, with double accuracy, that inflicts 21% more damage and drains one of your target's combat stats by the damage dealt.",False,True,Warstrike,Melee,org.rsmod.content.other.special.attacks.melee.MeleeWeaponSpecialAttacks$WeaponAttack,registered; gameplay qualification separate,,Registration does not establish full encounter/PvP parity.
19675,obj.arclight,Arclight,SlashSword,500,"Weaken: Temporarily drain your target's Attack, Strength and Defence by 5%. Is twice as effective against demons.",False,False,Weaken,missing,,missing handler,Darklight/Arclight/Emberlight require demon-aware stat reductions; Arclight also lacks a coherent existing charge lifecycle.,
30305,obj.arclight_inactive,Arclight (inactive),SlashSword,500,"Weaken: Temporarily drain your target's Attack, Strength and Defence by 5%. Is twice as effective against demons.",False,False,Weaken,missing,,missing handler,Darklight/Arclight/Emberlight require demon-aware stat reductions; Arclight also lacks a coherent existing charge lifecycle.,
6746,obj.darklight,Darklight,SlashSword,500,"Weaken: Temporarily drain your target's Attack, Strength and Defence by 5%. Is twice as effective against demons.",False,False,Weaken,missing,,missing handler,Darklight/Arclight/Emberlight require demon-aware stat reductions; Arclight also lacks a coherent existing charge lifecycle.,
29589,obj.emberlight,Emberlight,SlashSword,500,"Weaken: Temporarily drain your target's Attack, Strength and Defence by 5%. Is three times as effective against demons.",False,False,Weaken,missing,,missing handler,Darklight/Arclight/Emberlight require demon-aware stat reductions; Arclight also lacks a coherent existing charge lifecycle.,
21009,obj.dragon_shortsword,Dragon sword,StabSword,400,Wild Stab: Deal an attack which hits through Protect from Melee with 25% increased accuracy and damage.,False,False,Wild Stab,missing,,missing handler,Dragon sword requires protection-prayer bypass; existing public melee queue API cannot express it safely.,
21206,obj.br_dragon_sword,Dragon sword,Unarmed,400,Wild Stab: Deal an attack which hits through Protect from Melee with 25% increased accuracy and damage.,False,False,Wild Stab,missing,,missing handler,Dragon sword requires protection-prayer bypass; existing public melee queue API cannot express it safely.,
28029,obj.bh_dragon_shortsword_corrupted,Dragon sword (cr),StabSword,400,Wild Stab: Deal an attack which hits through Protect from Melee with 25% increased accuracy and damage.,False,False,Wild Stab,missing,,missing handler,Dragon sword requires protection-prayer bypass; existing public melee queue API cannot express it safely.,
27287,obj.keris_partisan_corruption,Keris partisan of corruption,Unarmed,750,"Wrath of Amascut: Perform an attack with 100% increased accuracy and 25% increased damage, but with halved attack speed. If hit, the opponent will take 25% increased damage for the next 6 seconds. This special attack can only be used within the Tombs of Amascut.",False,False,Wrath of Amascut,missing,,missing handler,Corruption partisan requires ToA-only context and a timed incoming-damage debuff.,
21633,obj.wyvern_shield,Ancient wyvern shield,Unarmed,0,null,False,False,null,Shield,org.rsmod.content.other.special.attacks.shield.DragonfireShieldSpecialAttacks$register$special$1,registered; gameplay qualification separate,,Registration does not establish full encounter/PvP parity. Basic charges/cooldown/operations; ancient wyvern freeze is unqualified and disabled.
25378,obj.trailblazer_axe_no_infernal,Dragon axe (or),Axe,1000,null,True,True,null,Instant,org.rsmod.content.other.special.attacks.boost.StatBoostSpecialAttacks$register$2,registered; gameplay qualification separate,,Registration does not establish full encounter/PvP parity.
30352,obj.trailblazer_reloaded_axe_no_infernal,Dragon axe (or),Axe,1000,null,False,True,null,Instant,org.rsmod.content.other.special.attacks.boost.StatBoostSpecialAttacks$register$17,registered; gameplay qualification separate,,Registration does not establish full encounter/PvP parity.
25373,obj.trailblazer_harpoon_no_infernal,Dragon harpoon (or),StabSword,1000,null,True,True,null,Instant,org.rsmod.content.other.special.attacks.boost.StatBoostSpecialAttacks$register$19,registered; gameplay qualification separate,,Registration does not establish full encounter/PvP parity.
30349,obj.trailblazer_reloaded_harpoon_no_infernal,Dragon harpoon (or),StabSword,1000,null,False,True,null,Instant,org.rsmod.content.other.special.attacks.boost.StatBoostSpecialAttacks$register$29,registered; gameplay qualification separate,,Registration does not establish full encounter/PvP parity.
25376,obj.trailblazer_pickaxe_no_infernal,Dragon pickaxe (or),Pickaxe,1000,null,True,True,null,Instant,org.rsmod.content.other.special.attacks.boost.StatBoostSpecialAttacks$register$32,registered; gameplay qualification separate,,Registration does not establish full encounter/PvP parity.
30351,obj.trailblazer_reloaded_pickaxe_no_infernal,Dragon pickaxe (or),Pickaxe,1000,null,False,True,null,Instant,org.rsmod.content.other.special.attacks.boost.StatBoostSpecialAttacks$register$44,registered; gameplay qualification separate,,Registration does not establish full encounter/PvP parity.
11283,obj.dragonfire_shield,Dragonfire shield,Unarmed,0,null,False,False,null,Shield,org.rsmod.content.other.special.attacks.shield.DragonfireShieldSpecialAttacks$register$special$1,registered; gameplay qualification separate,,Registration does not establish full encounter/PvP parity. Basic charges/cooldown/operations; ancient wyvern freeze is unqualified and disabled.
22002,obj.dragonfire_ward,Dragonfire ward,Unarmed,0,null,False,False,null,Shield,org.rsmod.content.other.special.attacks.shield.DragonfireShieldSpecialAttacks$register$special$1,registered; gameplay qualification separate,,Registration does not establish full encounter/PvP parity. Basic charges/cooldown/operations; ancient wyvern freeze is unqualified and disabled.
25066,obj.trailblazer_axe,Infernal axe (or),Axe,1000,null,True,True,null,Instant,org.rsmod.content.other.special.attacks.boost.StatBoostSpecialAttacks$register$5,registered; gameplay qualification separate,,Registration does not establish full encounter/PvP parity.
30347,obj.trailblazer_reloaded_axe,Infernal axe (or),Axe,1000,null,False,True,null,Instant,org.rsmod.content.other.special.attacks.boost.StatBoostSpecialAttacks$register$15,registered; gameplay qualification separate,,Registration does not establish full encounter/PvP parity.
25371,obj.trailblazer_axe_empty,Infernal axe (uncharged),Axe,1000,null,False,True,null,Instant,org.rsmod.content.other.special.attacks.boost.StatBoostSpecialAttacks$register$9,registered; gameplay qualification separate,,Registration does not establish full encounter/PvP parity.
30348,obj.trailblazer_reloaded_axe_empty,Infernal axe (uncharged),Axe,1000,null,False,True,null,Instant,org.rsmod.content.other.special.attacks.boost.StatBoostSpecialAttacks$register$16,registered; gameplay qualification separate,,Registration does not establish full encounter/PvP parity.
25059,obj.trailblazer_harpoon,Infernal harpoon (or),StabSword,1000,null,True,True,null,Instant,org.rsmod.content.other.special.attacks.boost.StatBoostSpecialAttacks$register$21,registered; gameplay qualification separate,,Registration does not establish full encounter/PvP parity.
30342,obj.trailblazer_reloaded_harpoon,Infernal harpoon (or),StabSword,1000,null,False,True,null,Instant,org.rsmod.content.other.special.attacks.boost.StatBoostSpecialAttacks$register$27,registered; gameplay qualification separate,,Registration does not establish full encounter/PvP parity.
25367,obj.trailblazer_harpoon_empty,Infernal harpoon (uncharged),StabSword,1000,null,True,True,null,Instant,org.rsmod.content.other.special.attacks.boost.StatBoostSpecialAttacks$register$22,registered; gameplay qualification separate,,Registration does not establish full encounter/PvP parity.
30343,obj.trailblazer_reloaded_harpoon_empty,Infernal harpoon (uncharged),StabSword,1000,null,False,True,null,Instant,org.rsmod.content.other.special.attacks.boost.StatBoostSpecialAttacks$register$28,registered; gameplay qualification separate,,Registration does not establish full encounter/PvP parity.
25063,obj.trailblazer_pickaxe,Infernal pickaxe (or),Pickaxe,1000,null,True,True,null,Instant,org.rsmod.content.other.special.attacks.boost.StatBoostSpecialAttacks$register$36,registered; gameplay qualification separate,,Registration does not establish full encounter/PvP parity.
30345,obj.trailblazer_reloaded_pickaxe,Infernal pickaxe (or),Pickaxe,1000,null,False,True,null,Instant,org.rsmod.content.other.special.attacks.boost.StatBoostSpecialAttacks$register$42,registered; gameplay qualification separate,,Registration does not establish full encounter/PvP parity.
25369,obj.trailblazer_pickaxe_empty,Infernal pickaxe (uncharged),Pickaxe,1000,null,True,True,null,Instant,org.rsmod.content.other.special.attacks.boost.StatBoostSpecialAttacks$register$37,registered; gameplay qualification separate,,Registration does not establish full encounter/PvP parity.
30346,obj.trailblazer_reloaded_pickaxe_empty,Infernal pickaxe (uncharged),Pickaxe,1000,null,False,True,null,Instant,org.rsmod.content.other.special.attacks.boost.StatBoostSpecialAttacks$register$43,registered; gameplay qualification separate,,Registration does not establish full encounter/PvP parity.
